Text_Type,Book,Chapter,Window,Mean,StDev
SN,CS,shareera,1,89.28,62.74
SN,CS,shareera,2,91.8,64.71
SN,CS,shareera,3,94.92,67.51
SN,CS,shareera,4,94.61,67.39
SN,CS,shareera,5,94.56,67.4
SN,CS,shareera,6,96.55,69.13
SN,CS,shareera,7,98.35,70.02
SN,CS,shareera,8,99.72,71.22
SN,CS,shareera,9,99.17,71.08
SN,CS,shareera,10,99.06,71.21
SN,CS,shareera,11,101.6,72.71
SN,CS,shareera,12,101.87,73.03
SN,CS,shareera,13,102.6,73.74
SN,CS,shareera,14,102.04,73.01
SN,CS,shareera,15,102.52,73.81
SN,CS,shareera,16,102.12,73.28
SN,CS,shareera,17,103.67,73.69
SN,CS,shareera,18,101.33,73.04
SN,CS,shareera,19,100.25,72.51
SN,CS,shareera,20,101.61,73.68
SN,CS,shareera,21,101.36,73.8
SN,CS,shareera,22,102.31,74.48
SN,CS,shareera,23,102.83,74.91
SN,CS,shareera,24,102.96,74.94
SN,CS,shareera,25,104.28,75.14
SN,CS,shareera,26,102.85,74.49
SN,CS,shareera,27,103.99,74.55
SN,CS,shareera,28,104.89,75.01
SN,CS,shareera,29,104.56,73.86
SN,CS,shareera,30,102.5,72.62
SN,CS,shareera,31,103.05,72.76
SN,CS,shareera,32,103.88,72.95
SN,CS,shareera,33,103.88,72.95
SN,CS,shareera,34,102.93,72.69
SN,CS,shareera,35,102.17,72.2
SN,CS,shareera,36,101.61,71.76
SN,CS,shareera,37,99.71,70.21
SN,CS,shareera,38,98.71,70.31
SN,CS,shareera,39,97.79,69.79
SN,CS,shareera,40,97.06,69.82
SN,CS,shareera,41,98.08,69.84
SN,CS,shareera,42,99.08,70.71
SN,CS,shareera,43,100.6,71.18
SN,CS,shareera,44,101.07,71.36
SN,CS,shareera,45,100.35,70.89
SN,CS,shareera,46,100.35,70.89
SN,CS,shareera,47,99.06,70.28
SN,CS,shareera,48,99.62,71.36
SN,CS,shareera,49,99.49,71.54
SN,CS,shareera,50,99.76,71.58
SN,CS,shareera,51,100.49,71.77
SN,CS,shareera,52,100.37,71.73
SN,CS,shareera,53,100.29,71.67
SN,CS,shareera,54,101.83,72.64
SN,CS,shareera,55,101.51,72.31
SN,CS,shareera,56,100.39,71.5
SN,CS,shareera,57,99.24,71.1
SN,CS,shareera,58,98.92,70.72
SN,CS,shareera,59,97.18,69.95
SN,CS,shareera,60,97.37,69.69
SN,CS,shareera,61,95.89,68.35
SN,CS,shareera,62,95.42,68.24
SN,CS,shareera,63,94.86,67.16
SN,CS,shareera,64,94.58,66.81
SN,CS,shareera,65,93.66,66.55
SN,CS,shareera,66,93.24,66.27
SN,CS,shareera,67,92.96,65.96
SN,CS,shareera,68,94.29,66.1
SN,CS,shareera,69,94.39,66.5
SN,CS,shareera,70,94.69,66.61
SN,CS,shareera,71,95.44,66.85
SN,CS,shareera,72,94.84,66.39
SN,CS,shareera,73,94.15,65.56
SN,CS,shareera,74,94.15,65.56
SN,CS,shareera,75,93.27,65.04
SN,CS,shareera,76,93.43,64.89
SN,CS,shareera,77,92.41,64.78
SN,CS,shareera,78,92.74,64.81
SN,CS,shareera,79,93.42,65.89
SN,CS,shareera,80,92.23,65.95
SN,CS,shareera,81,92.26,66.03
SN,CS,shareera,82,90.84,65.16
SN,CS,shareera,83,90.94,65.13
SN,CS,shareera,84,92.13,65.99
SN,CS,shareera,85,94.64,67.98
SN,CS,shareera,86,94.1,67.77
SN,CS,shareera,87,95.05,68.28
SN,CS,shareera,88,97.05,69.36
SN,CS,shareera,89,97.68,69.58
SN,CS,shareera,90,97.49,69.64
SN,CS,shareera,91,96.63,69.18
SN,CS,shareera,92,95.96,68.85
SN,CS,shareera,93,95.56,68.5
SN,CS,shareera,94,95.51,68.28
SN,CS,shareera,95,94.89,68.12
SN,CS,shareera,96,94.61,68.09
SN,CS,shareera,97,94.11,68.27
SN,CS,shareera,98,92.7,67.67
SN,CS,shareera,99,93.14,68.31
SN,CS,shareera,100,92.53,68.31
SN,CS,shareera,101,92.57,68.45
SN,CS,shareera,102,91.16,66.97
SN,CS,shareera,103,92.3,67.48
SN,CS,shareera,104,90.87,66.48
SN,CS,shareera,105,90.08,65.56
SN,CS,shareera,106,90.08,65.56
SN,CS,shareera,107,90.07,65.77
SN,CS,shareera,108,90.11,65.91
SN,CS,shareera,109,92.1,67.03
SN,CS,shareera,110,91.39,66.87
SN,CS,shareera,111,92.33,67.42
SN,CS,shareera,112,91.85,67.3
SN,CS,shareera,113,93.15,68.42
SN,CS,shareera,114,93.82,68.81
SN,CS,shareera,115,95.29,69.3
SN,CS,shareera,116,97.53,70.59
SN,CS,shareera,117,95.97,70.02
SN,CS,shareera,118,96.56,70.1
SN,CS,shareera,119,96.93,70.48
SN,CS,shareera,120,95.62,69.76
SN,CS,shareera,121,94.6,69.42
SN,CS,shareera,122,94.45,68.98
SN,CS,shareera,123,94.69,69.25
SN,CS,shareera,124,95.43,69.55
SN,CS,shareera,125,96.84,70.37
SN,CS,shareera,126,99.23,71.67
SN,CS,shareera,127,98.16,70.76
SN,CS,shareera,128,99.81,71.57
SN,CS,shareera,129,100.26,71.92
SN,CS,shareera,130,101.04,72.37
SN,CS,shareera,131,100.37,72.16
SN,CS,shareera,132,100.9,72.63
SN,CS,shareera,133,99.94,72.38
SN,CS,shareera,134,98.61,71.82
SN,CS,shareera,135,97.04,70.81
SN,CS,shareera,136,97.44,71.14
SN,CS,shareera,137,96.46,70.95
SN,CS,shareera,138,95.82,70.12
SN,CS,shareera,139,95.44,70.09
SN,CS,shareera,140,95.21,70.22
SN,CS,shareera,141,95.55,70.33
SN,CS,shareera,142,95.81,70.42
SN,CS,shareera,143,96.56,70.75
SN,CS,shareera,144,96.82,70.92
SN,CS,shareera,145,96.85,70.74
SN,CS,shareera,146,97.7,71.3
SN,CS,shareera,147,96.29,70.51
SN,CS,shareera,148,97.08,70.54
SN,CS,shareera,149,96.88,70.57
SN,CS,shareera,150,96.98,70.52
SN,CS,shareera,151,96.91,70.3
SN,CS,shareera,152,100.98,73.0
SN,CS,shareera,153,99.81,72.4
SN,CS,shareera,154,101.39,73.58
SN,CS,shareera,155,103.08,74.64
SN,CS,shareera,156,102.3,74.44
SN,CS,shareera,157,102.2,74.35
SN,CS,shareera,158,101.42,73.66
SN,CS,shareera,159,100.83,73.29
SN,CS,shareera,160,102.68,74.16
SN,CS,shareera,161,102.14,74.2
SN,CS,shareera,162,103.49,74.86
SN,CS,shareera,163,102.93,74.32
SN,CS,shareera,164,100.22,73.28
SN,CS,shareera,165,98.55,72.42
SN,CS,shareera,166,97.0,71.3
SN,CS,shareera,167,96.53,71.3
SN,CS,shareera,168,97.52,71.84
SN,CS,shareera,169,97.74,71.71
SN,CS,shareera,170,98.2,71.88
SN,CS,shareera,171,99.52,72.58
SN,CS,shareera,172,101.87,73.63
SN,CS,shareera,173,101.41,73.3
SN,CS,shareera,174,101.71,73.15
SN,CS,shareera,175,102.84,73.53
SN,CS,shareera,176,103.52,73.98
SN,CS,shareera,177,105.73,75.28
SN,CS,shareera,178,102.85,74.31
SN,CS,shareera,179,103.61,74.45
SN,CS,shareera,180,102.84,74.03
SN,CS,shareera,181,102.28,73.94
SN,CS,shareera,182,101.01,73.45
SN,CS,shareera,183,100.7,72.95
SN,CS,shareera,184,100.03,72.48
SN,CS,shareera,185,99.61,72.17
SN,CS,shareera,186,97.98,71.65
SN,CS,shareera,187,98.02,71.76
SN,CS,shareera,188,96.96,71.0
SN,CS,shareera,189,98.11,71.85
SN,CS,shareera,190,97.65,71.58
SN,CS,shareera,191,97.83,71.75
SN,CS,shareera,192,97.49,71.54
SN,CS,shareera,193,97.44,71.52
SN,CS,shareera,194,97.44,71.52
SN,CS,shareera,195,98.08,71.93
SN,CS,shareera,196,97.88,71.68
SN,CS,shareera,197,98.52,72.08
SN,CS,shareera,198,98.52,72.08
SN,CS,shareera,199,98.84,72.21
SN,CS,shareera,200,99.69,72.45
SN,CS,shareera,201,99.65,72.45
SN,CS,shareera,202,98.78,71.58
SN,CS,shareera,203,100.27,72.89
SN,CS,shareera,204,99.04,71.86
SN,CS,shareera,205,99.43,72.27
SN,CS,shareera,206,99.41,72.27
SN,CS,shareera,207,98.71,71.72
SN,CS,shareera,208,98.74,71.71
SN,CS,shareera,209,99.1,71.95
SN,CS,shareera,210,98.39,71.83
SN,CS,shareera,211,98.76,72.28
SN,CS,shareera,212,97.81,71.42
SN,CS,shareera,213,99.2,71.98
SN,CS,shareera,214,98.64,71.71
SN,CS,shareera,215,98.68,71.84
SN,CS,shareera,216,98.97,72.11
SN,CS,shareera,217,100.22,73.01
SN,CS,shareera,218,100.34,73.07
SN,CS,shareera,219,100.62,73.2
SN,CS,shareera,220,100.62,73.2
SN,CS,shareera,221,98.27,72.34
SN,CS,shareera,222,97.67,71.97
SN,CS,shareera,223,99.01,72.58
SN,CS,shareera,224,99.7,72.55
SN,CS,shareera,225,99.72,72.26
SN,CS,shareera,226,99.3,72.34
SN,CS,shareera,227,98.51,72.01
SN,CS,shareera,228,99.77,72.81
SN,CS,shareera,229,99.51,72.61
SN,CS,shareera,230,100.58,73.22
SN,CS,shareera,231,100.23,73.25
SN,CS,shareera,232,99.38,72.95
SN,CS,shareera,233,100.53,73.76
SN,CS,shareera,234,103.21,75.25
SN,CS,shareera,235,104.14,75.68
SN,CS,shareera,236,104.86,76.13
SN,CS,shareera,237,104.38,75.69
SN,CS,shareera,238,107.03,76.68
SN,CS,shareera,239,105.8,75.78
SN,CS,shareera,240,106.72,76.28
SN,CS,shareera,241,106.15,75.93
SN,CS,shareera,242,106.19,75.78
SN,CS,shareera,243,105.76,75.74
SN,CS,shareera,244,104.88,75.38
SN,CS,shareera,245,104.89,75.15
SN,CS,shareera,246,104.5,75.04
SN,CS,shareera,247,105.41,75.75
SN,CS,shareera,248,103.97,75.12
SN,CS,shareera,249,102.69,74.2
SN,CS,shareera,250,102.91,74.15
SN,CS,shareera,251,102.92,74.0
SN,CS,shareera,252,101.33,73.73
SN,CS,shareera,253,100.1,72.87
SN,CS,shareera,254,100.67,73.25
SN,CS,shareera,255,99.26,72.24
SN,CS,shareera,256,99.72,71.97
SN,CS,shareera,257,99.38,72.0
SN,CS,shareera,258,100.42,72.91
SN,CS,shareera,259,100.11,72.93
SN,CS,shareera,260,96.98,70.03
SN,CS,shareera,261,92.22,65.7
SN,CS,shareera,262,93.27,66.21
SN,CS,shareera,263,90.95,64.55
SN,CS,shareera,264,90.0,62.61
SN,CS,shareera,265,87.17,61.57
SN,CS,shareera,266,86.7,61.13
SN,CS,shareera,267,83.56,59.29
SN,CS,shareera,268,81.75,57.78
SN,CS,shareera,269,81.36,57.01
SN,CS,shareera,270,81.04,56.4
SN,CS,shareera,271,81.04,56.37
SN,CS,shareera,272,81.67,56.14
SN,CS,shareera,273,81.82,55.69
SN,CS,shareera,274,82.41,55.76
SN,CS,shareera,275,83.28,56.13
SN,CS,shareera,276,81.84,54.06
SN,CS,shareera,277,82.72,54.46
SN,CS,shareera,278,82.76,53.6
SN,CS,shareera,279,83.87,53.65
SN,CS,shareera,280,84.12,53.19
SN,CS,shareera,281,85.83,53.45
SN,CS,shareera,282,86.53,53.27
SN,CS,shareera,283,86.91,52.62
SN,CS,shareera,284,87.25,51.52
SN,CS,shareera,285,87.88,51.35
SN,CS,shareera,286,89.05,51.32
SN,CS,shareera,287,91.58,52.51
SN,CS,shareera,288,92.15,52.5
SN,CS,shareera,289,93.46,52.76
SN,CS,shareera,290,95.96,53.15
SN,CS,shareera,291,97.94,53.66
SN,CS,shareera,292,100.04,54.17
SN,CS,shareera,293,101.12,54.38
SN,CS,shareera,294,101.58,54.31
SN,CS,shareera,295,103.16,54.42
SN,CS,shareera,296,107.2,55.59
SN,CS,shareera,297,108.9,55.38
SN,CS,shareera,298,111.69,55.82
SN,CS,shareera,299,113.21,55.98
SN,CS,shareera,300,117.07,57.05
SN,CS,shareera,301,119.58,57.78
SN,CS,shareera,302,122.86,59.03
SN,CS,shareera,303,127.04,59.79
SN,CS,shareera,304,129.92,60.6
SN,CS,shareera,305,130.97,60.48
SN,CS,shareera,306,133.7,61.15
SN,CS,shareera,307,136.84,61.89
SN,CS,shareera,308,139.18,62.3
SN,CS,shareera,309,140.04,62.39
SN,CS,shareera,310,145.47,65.13
SN,CS,shareera,311,157.4,70.37
SN,CS,shareera,312,166.13,72.44
SN,CS,shareera,313,174.79,74.96
SN,CS,shareera,314,182.48,77.72
SN,CS,shareera,315,181.22,77.46
SN,CS,shareera,316,182.93,77.67
SN,CS,shareera,317,182.66,77.92
SN,CS,shareera,318,182.66,77.92
SN,CS,shareera,319,183.01,77.65
SN,CS,shareera,320,182.48,77.72
SN,CS,shareera,321,184.03,78.16
SN,CS,shareera,322,182.56,77.7
SN,CS,shareera,323,183.51,78.12
SN,CS,shareera,324,183.53,78.02
SN,CS,shareera,325,185.02,78.47
SN,CS,shareera,326,190.32,79.66
SN,CS,shareera,327,192.41,79.96
SN,CS,shareera,328,192.41,79.96
SN,CS,shareera,329,193.99,80.42
SN,CS,shareera,330,195.49,80.67
SN,CS,shareera,331,193.8,80.23
SN,CS,shareera,332,193.0,80.55
SN,CS,shareera,333,192.22,80.89
SN,CS,shareera,334,191.53,81.23
SN,CS,shareera,335,191.14,81.32
SN,CS,shareera,336,191.05,81.16
SN,CS,shareera,337,191.41,81.06
SN,CS,shareera,338,192.7,81.58
SN,CS,shareera,339,192.7,81.58
SN,CS,shareera,340,192.7,81.58
SN,CS,shareera,341,194.73,81.75
SN,CS,shareera,342,194.41,81.81
SN,CS,shareera,343,194.41,81.81
SN,CS,shareera,344,196.2,82.06
SN,CS,shareera,345,196.2,82.06
SN,CS,shareera,346,194.15,81.74
SN,CS,shareera,347,192.12,81.57
SN,CS,shareera,348,193.52,82.09
SN,CS,shareera,349,194.92,82.78
SN,CS,shareera,350,194.98,82.62
SN,CS,shareera,351,194.77,82.71
SN,CS,shareera,352,194.77,82.71
SN,CS,shareera,353,194.54,82.83
SN,CS,shareera,354,192.83,82.42
SN,CS,shareera,355,190.07,82.16
SN,CS,shareera,356,189.88,82.29
SN,CS,shareera,357,189.72,82.43
SN,CS,shareera,358,176.8,79.78
SN,CS,shareera,359,168.64,77.04
SN,CS,shareera,360,161.57,74.05
SN,CS,shareera,361,130.51,61.74
SN,CS,shareera,362,123.68,56.96
SN,CS,shareera,363,107.36,46.42
SN,CS,shareera,364,104.54,43.84
SN,CS,shareera,365,96.61,39.2
SN,CS,shareera,366,93.41,38.28
SN,CS,shareera,367,92.94,38.07
SN,CS,shareera,368,83.4,29.08
SN,CS,shareera,369,80.49,27.9
SN,CS,shareera,370,77.3,25.41
SN,CS,shareera,371,74.73,23.85
SN,CS,shareera,372,70.36,20.87
SN,CS,shareera,373,67.24,20.65
SN,CS,shareera,374,63.7,21.8
SN,CS,shareera,375,62.44,22.36
SN,CS,shareera,376,61.1,22.7
SN,CS,shareera,377,60.0,23.38
SN,CS,shareera,378,60.29,24.6
SN,CS,shareera,379,58.89,25.25
SN,CS,shareera,380,58.24,26.45
SN,CS,shareera,381,58.48,27.38
SN,CS,shareera,382,57.55,27.94
SN,CS,shareera,383,57.33,31.09
SN,CS,shareera,384,57.05,32.12
SN,CS,shareera,385,57.03,37.82
SN,CS,shareera,386,57.32,41.69
SN,CS,shareera,387,58.3,44.83
SN,CS,shareera,388,58.09,46.03
SN,CS,shareera,389,59.28,48.73
SN,CS,shareera,390,59.32,49.4
SN,CS,shareera,391,59.42,50.28
SN,CS,shareera,392,59.39,52.97
SN,CS,shareera,393,59.29,53.2
SN,CS,shareera,394,59.81,54.49
SN,CS,shareera,395,60.89,56.52
SN,CS,shareera,396,62.42,59.07
SN,CS,shareera,397,63.33,60.5
SN,CS,shareera,398,64.37,61.02
SN,CS,shareera,399,64.53,61.48
SN,CS,shareera,400,66.2,62.92
SN,CS,shareera,401,68.18,65.6
SN,CS,shareera,402,70.2,67.83
SN,CS,shareera,403,73.32,71.76
SN,CS,shareera,404,74.36,74.21
SN,CS,shareera,405,76.01,75.93
SN,CS,shareera,406,77.41,78.11
SN,CS,shareera,407,80.01,80.44
SN,CS,shareera,408,82.55,82.42
SN,CS,shareera,409,86.12,84.9
SN,CS,shareera,410,87.29,85.37
SN,CS,shareera,411,85.98,84.8
SN,CS,shareera,412,85.98,85.02
SN,CS,shareera,413,83.95,83.63
SN,CS,shareera,414,83.62,83.9
SN,CS,shareera,415,82.44,82.69
SN,CS,shareera,416,84.8,84.7
SN,CS,shareera,417,87.55,87.43
SN,CS,shareera,418,85.67,86.82
SN,CS,shareera,419,86.3,87.42
SN,CS,shareera,420,85.96,87.83
SN,CS,shareera,421,85.79,87.52
SN,CS,shareera,422,81.65,83.99
SN,CS,shareera,423,79.04,81.39
SN,CS,shareera,424,76.74,78.44
SN,CS,shareera,425,76.13,77.93
SN,CS,shareera,426,76.2,78.02
SN,CS,shareera,427,75.37,77.02
SN,CS,shareera,428,74.87,76.83
SN,CS,shareera,429,74.96,76.83
SN,CS,shareera,430,74.25,75.52
SN,CS,shareera,431,72.88,74.22
SN,CS,shareera,432,72.95,74.31
SN,CS,shareera,433,71.04,72.31
SN,CS,shareera,434,70.51,71.6
SN,CS,shareera,435,68.09,69.12
SN,CS,shareera,436,64.95,65.51
SN,CS,shareera,437,63.2,62.77
SN,CS,shareera,438,62.79,62.08
SN,CS,shareera,439,62.32,60.64
SN,CS,shareera,440,62.81,61.9
SN,CS,shareera,441,63.84,63.23
SN,CS,shareera,442,63.03,63.85
SN,CS,shareera,443,64.42,65.55
SN,CS,shareera,444,64.94,66.02
SN,CS,shareera,445,64.16,65.12
SN,CS,shareera,446,64.01,64.99
SN,CS,shareera,447,65.54,66.72
SN,CS,shareera,448,66.19,68.1
SN,CS,shareera,449,66.92,69.25
SN,CS,shareera,450,67.31,69.55
SN,CS,shareera,451,67.15,69.16
SN,CS,shareera,452,66.51,68.16
SN,CS,shareera,453,64.36,65.86
SN,CS,shareera,454,64.33,65.29
SN,CS,shareera,455,64.07,64.8
SN,CS,shareera,456,63.39,64.68
SN,CS,shareera,457,62.15,61.88
SN,CS,shareera,458,61.66,59.9
SN,CS,shareera,459,59.91,56.18
SN,CS,shareera,460,62.82,55.45
SN,CS,shareera,461,62.14,54.49
SN,CS,shareera,462,62.29,53.99
SN,CS,shareera,463,62.7,53.49
SN,CS,shareera,464,61.84,52.91
SN,CS,shareera,465,62.0,53.18
SN,CS,shareera,466,61.67,51.59
SN,CS,shareera,467,60.73,49.27
SN,CS,shareera,468,59.51,50.17
SN,CS,shareera,469,59.15,48.96
SN,CS,shareera,470,60.67,50.63
SN,CS,shareera,471,60.37,49.47
SN,CS,shareera,472,60.22,49.6
SN,CS,shareera,473,59.74,50.7
SN,CS,shareera,474,60.19,51.94
SN,CS,shareera,475,61.8,53.25
SN,CS,shareera,476,62.79,54.67
SN,CS,shareera,477,63.31,56.89
SN,CS,shareera,478,62.77,55.88
SN,CS,shareera,479,63.92,59.69
SN,CS,shareera,480,64.76,60.36
SN,CS,shareera,481,65.99,62.17
SN,CS,shareera,482,67.71,63.34
SN,CS,shareera,483,68.37,64.19
SN,CS,shareera,484,69.52,66.03
SN,CS,shareera,485,69.64,66.09
SN,CS,shareera,486,72.51,67.79
SN,CS,shareera,487,73.53,67.16
SN,CS,shareera,488,75.25,69.84
SN,CS,shareera,489,73.71,69.45
SN,CS,shareera,490,74.18,68.85
SN,CS,shareera,491,72.3,67.52
SN,CS,shareera,492,72.25,66.92
SN,CS,shareera,493,72.76,66.7
SN,CS,shareera,494,71.76,65.06
SN,CS,shareera,495,76.07,69.71
SN,CS,shareera,496,76.84,70.27
SN,CS,shareera,497,75.83,70.57
SN,CS,shareera,498,76.21,70.78
SN,CS,shareera,499,75.21,71.21
SN,CS,shareera,500,72.79,69.59
SN,CS,shareera,501,72.2,69.26
SN,CS,shareera,502,72.05,69.39
SN,CS,shareera,503,70.87,69.73
SN,CS,shareera,504,69.85,68.45
SN,CS,shareera,505,70.5,69.62
SN,CS,shareera,506,68.95,68.62
SN,CS,shareera,507,69.77,69.76
SN,CS,shareera,508,69.72,69.57
SN,CS,shareera,509,69.77,70.23
SN,CS,shareera,510,67.85,69.71
SN,CS,shareera,511,68.11,69.78
SN,CS,shareera,512,67.1,68.81
SN,CS,shareera,513,65.89,67.55
SN,CS,shareera,514,66.88,68.33
SN,CS,shareera,515,67.28,68.58
SN,CS,shareera,516,67.2,68.25
SN,CS,shareera,517,68.15,70.06
SN,CS,shareera,518,66.94,67.68
SN,CS,shareera,519,67.3,68.9
SN,CS,shareera,520,66.2,66.72
SN,CS,shareera,521,67.27,67.88
SN,CS,shareera,522,68.38,69.01
SN,CS,shareera,523,67.91,67.91
SN,CS,shareera,524,68.66,68.94
SN,CS,shareera,525,68.86,69.4
SN,CS,shareera,526,67.93,68.42
SN,CS,shareera,527,68.64,69.76
SN,CS,shareera,528,70.6,72.17
SN,CS,shareera,529,69.4,70.45
SN,CS,shareera,530,68.31,69.36
SN,CS,shareera,531,67.14,67.89
SN,CS,shareera,532,65.92,67.03
SN,CS,shareera,533,65.58,65.05
SN,CS,shareera,534,65.1,64.09
SN,CS,shareera,535,63.9,62.89
SN,CS,shareera,536,62.98,61.69
SN,CS,shareera,537,64.44,62.58
SN,CS,shareera,538,63.65,61.29
SN,CS,shareera,539,63.79,61.55
SN,CS,shareera,540,64.39,61.76
SN,CS,shareera,541,66.77,63.84
SN,CS,shareera,542,67.97,66.71
SN,CS,shareera,543,67.9,66.06
SN,CS,shareera,544,68.21,66.03
SN,CS,shareera,545,66.16,65.1
SN,CS,shareera,546,67.18,63.41
SN,CS,shareera,547,67.1,61.55
SN,CS,shareera,548,66.34,61.13
SN,CS,shareera,549,65.02,61.53
SN,CS,shareera,550,66.2,61.97
SN,CS,shareera,551,65.88,62.08
SN,CS,shareera,552,65.84,61.64
SN,CS,shareera,553,64.44,60.51
SN,CS,shareera,554,64.35,60.81
SN,CS,shareera,555,63.63,59.68
SN,CS,shareera,556,63.93,60.03
SN,CS,shareera,557,64.06,59.36
SN,CS,shareera,558,63.16,58.41
SN,CS,shareera,559,63.99,58.2
SN,CS,shareera,560,62.48,57.71
SN,CS,shareera,561,62.44,58.0
SN,CS,shareera,562,62.31,58.01
SN,CS,shareera,563,64.01,61.3
SN,CS,shareera,564,64.56,61.25
SN,CS,shareera,565,64.32,60.86
SN,CS,shareera,566,64.27,60.97
SN,CS,shareera,567,63.98,61.01
SN,CS,shareera,568,73.24,71.26
SN,CS,shareera,569,72.5,70.2
SN,CS,shareera,570,71.61,69.35
SN,CS,shareera,571,70.72,67.79
SN,CS,shareera,572,69.57,66.29
SN,CS,shareera,573,69.42,66.14
SN,CS,shareera,574,67.45,64.16
SN,CS,shareera,575,66.06,62.09
SN,CS,shareera,576,65.53,60.96
SN,CS,shareera,577,62.83,57.22
SN,CS,shareera,578,61.5,54.25
SN,CS,shareera,579,60.44,53.14
SN,CS,shareera,580,60.38,53.68
SN,CS,shareera,581,60.71,53.92
SN,CS,shareera,582,60.68,53.66
SN,CS,shareera,583,60.87,53.71
SN,CS,shareera,584,60.74,54.05
SN,CS,shareera,585,61.16,53.72
SN,CS,shareera,586,61.18,53.4
SN,CS,shareera,587,60.33,52.21
SN,CS,shareera,588,59.94,51.12
SN,CS,shareera,589,59.61,49.59
SN,CS,shareera,590,59.33,48.1
SN,CS,shareera,591,59.73,44.98
SN,CS,shareera,592,58.07,41.43
SN,CS,shareera,593,58.47,40.82
SN,CS,shareera,594,57.28,40.46
SN,CS,shareera,595,55.25,36.97
SN,CS,shareera,596,55.2,35.84
SN,CS,shareera,597,54.92,35.08
SN,CS,shareera,598,56.01,35.77
SN,CS,shareera,599,56.79,34.54
SN,CS,shareera,600,55.41,35.15
SN,CS,shareera,601,55.22,34.7
SN,CS,shareera,602,56.16,34.61
SN,CS,shareera,603,54.76,35.63
SN,CS,shareera,604,54.75,36.33
SN,CS,shareera,605,54.96,36.11
SN,CS,shareera,606,55.65,36.25
SN,CS,shareera,607,56.78,37.36
SN,CS,shareera,608,56.81,39.17
SN,CS,shareera,609,57.72,39.55
SN,CS,shareera,610,59.12,40.83
SN,CS,shareera,611,59.72,42.92
SN,CS,shareera,612,60.34,44.82
SN,CS,shareera,613,58.34,42.62
SN,CS,shareera,614,57.03,41.04
SN,CS,shareera,615,57.79,42.5
SN,CS,shareera,616,60.33,43.48
SN,CS,shareera,617,59.58,45.76
SN,CS,shareera,618,57.79,38.1
SN,CS,shareera,619,58.6,39.07
SN,CS,shareera,620,58.24,39.69
SN,CS,shareera,621,56.85,39.74
SN,CS,shareera,622,57.27,40.32
SN,CS,shareera,623,57.42,40.49
SN,CS,shareera,624,57.69,40.95
SN,CS,shareera,625,58.67,41.39
SN,CS,shareera,626,59.3,43.1
SN,CS,shareera,627,59.38,45.43
SN,CS,shareera,628,59.85,47.15
SN,CS,shareera,629,60.07,47.87
SN,CS,shareera,630,60.96,48.83
SN,CS,shareera,631,61.78,51.29
SN,CS,shareera,632,62.72,52.49
SN,CS,shareera,633,64.59,53.36
SN,CS,shareera,634,64.2,53.78
SN,CS,shareera,635,66.13,55.86
SN,CS,shareera,636,68.32,57.59
SN,CS,shareera,637,69.11,59.37
SN,CS,shareera,638,68.49,59.36
SN,CS,shareera,639,70.21,60.75
SN,CS,shareera,640,72.74,65.69
SN,CS,shareera,641,72.35,65.97
SN,CS,shareera,642,79.59,74.66
SN,CS,shareera,643,81.28,76.37
SN,CS,shareera,644,81.36,76.46
SN,CS,shareera,645,84.67,80.1
SN,CS,shareera,646,87.37,82.7
SN,CS,shareera,647,87.47,83.39
SN,CS,shareera,648,85.87,82.51
SN,CS,shareera,649,88.74,84.83
SN,CS,shareera,650,88.01,84.89
SN,CS,shareera,651,89.03,85.61
SN,CS,shareera,652,90.49,87.31
SN,CS,shareera,653,91.38,87.69
SN,CS,shareera,654,91.51,87.97
SN,CS,shareera,655,89.7,86.68
SN,CS,shareera,656,89.23,86.36
SN,CS,shareera,657,88.98,84.8
SN,CS,shareera,658,87.39,84.2
SN,CS,shareera,659,87.86,84.45
SN,CS,shareera,660,87.33,83.79
SN,CS,shareera,661,84.33,82.05
SN,CS,shareera,662,85.08,81.47
SN,CS,shareera,663,83.39,80.72
SN,CS,shareera,664,86.13,82.72
SN,CS,shareera,665,85.68,81.69
SN,CS,shareera,666,83.05,79.83
SN,CS,shareera,667,80.12,76.81
SN,CS,shareera,668,79.68,76.77
SN,CS,shareera,669,78.56,76.09
SN,CS,shareera,670,76.66,74.65
SN,CS,shareera,671,74.68,73.04
SN,CS,shareera,672,73.27,72.34
SN,CS,shareera,673,72.45,71.86
SN,CS,shareera,674,71.03,70.99
SN,CS,shareera,675,70.08,70.11
SN,CS,shareera,676,69.76,69.55
SN,CS,shareera,677,68.94,68.08
SN,CS,shareera,678,69.08,67.51
SN,CS,shareera,679,69.0,68.07
SN,CS,shareera,680,69.35,70.33
SN,CS,shareera,681,68.15,69.6
SN,CS,shareera,682,68.53,70.16
SN,CS,shareera,683,73.07,73.94
SN,CS,shareera,684,74.2,74.58
SN,CS,shareera,685,73.41,72.91
SN,CS,shareera,686,73.58,72.12
SN,CS,shareera,687,73.78,71.62
SN,CS,shareera,688,76.55,73.99
SN,CS,shareera,689,75.77,73.52
SN,CS,shareera,690,73.14,71.36
SN,CS,shareera,691,75.27,73.22
SN,CS,shareera,692,73.95,67.97
SN,CS,shareera,693,69.71,65.94
SN,CS,shareera,694,70.5,66.7
SN,CS,shareera,695,67.93,64.35
SN,CS,shareera,696,68.22,64.11
SN,CS,shareera,697,69.1,65.49
SN,CS,shareera,698,69.52,67.02
SN,CS,shareera,699,69.46,66.12
SN,CS,shareera,700,72.34,68.74
SN,CS,shareera,701,71.88,67.92
SN,CS,shareera,702,73.74,66.63
SN,CS,shareera,703,73.62,66.02
SN,CS,shareera,704,74.22,65.61
SN,CS,shareera,705,76.16,67.12
SN,CS,shareera,706,76.8,67.31
SN,CS,shareera,707,76.8,67.74
SN,CS,shareera,708,77.35,68.27
SN,CS,shareera,709,75.73,66.5
SN,CS,shareera,710,76.0,66.5
SN,CS,shareera,711,74.23,67.02
SN,CS,shareera,712,74.3,65.64
SN,CS,shareera,713,73.92,66.31
SN,CS,shareera,714,72.43,64.86
SN,CS,shareera,715,72.59,64.88
SN,CS,shareera,716,73.79,65.27
SN,CS,shareera,717,73.35,64.56
SN,CS,shareera,718,73.83,64.13
SN,CS,shareera,719,75.89,67.95
SN,CS,shareera,720,77.22,69.81
SN,CS,shareera,721,79.28,71.26
SN,CS,shareera,722,80.79,72.22
SN,CS,shareera,723,80.38,72.83
SN,CS,shareera,724,82.26,73.91
SN,CS,shareera,725,85.35,77.32
SN,CS,shareera,726,86.76,78.06
SN,CS,shareera,727,84.57,76.7
SN,CS,shareera,728,84.67,75.96
SN,CS,shareera,729,87.07,77.26
SN,CS,shareera,730,85.71,76.55
SN,CS,shareera,731,84.94,76.25
SN,CS,shareera,732,84.25,75.75
SN,CS,shareera,733,79.0,71.45
SN,CS,shareera,734,77.75,72.18
SN,CS,shareera,735,77.84,72.53
SN,CS,shareera,736,77.86,74.26
SN,CS,shareera,737,76.91,73.73
SN,CS,shareera,738,77.67,74.02
SN,CS,shareera,739,79.66,76.53
SN,CS,shareera,740,77.15,74.38
SN,CS,shareera,741,77.24,74.89
SN,CS,shareera,742,75.58,73.29
SN,CS,shareera,743,76.09,73.83
SN,CS,shareera,744,76.06,73.84
SN,CS,shareera,745,76.17,74.21
SN,CS,shareera,746,76.06,73.25
SN,CS,shareera,747,76.5,72.59
SN,CS,shareera,748,76.35,73.7
SN,CS,shareera,749,75.84,73.27
SN,CS,shareera,750,72.85,71.99
SN,CS,shareera,751,72.96,72.05
SN,CS,shareera,752,75.4,71.71
SN,CS,shareera,753,75.81,71.15
SN,CS,shareera,754,74.86,69.82
SN,CS,shareera,755,73.2,69.21
SN,CS,shareera,756,71.85,68.84
SN,CS,shareera,757,72.21,69.31
SN,CS,shareera,758,74.57,70.55
SN,CS,shareera,759,78.48,73.99
SN,CS,shareera,760,79.78,74.54
SN,CS,shareera,761,79.79,75.12
SN,CS,shareera,762,80.73,75.12
SN,CS,shareera,763,77.93,74.26
SN,CS,shareera,764,80.12,75.4
SN,CS,shareera,765,85.07,80.96
SN,CS,shareera,766,85.99,80.9
SN,CS,shareera,767,86.86,81.16
SN,CS,shareera,768,87.3,82.98
SN,CS,shareera,769,85.72,82.13
SN,CS,shareera,770,84.89,81.75
SN,CS,shareera,771,85.94,82.47
SN,CS,shareera,772,96.98,91.94
SN,CS,shareera,773,96.52,91.72
SN,CS,shareera,774,96.74,91.94
SN,CS,shareera,775,95.36,90.56
SN,CS,shareera,776,96.1,90.6
SN,CS,shareera,777,99.61,93.0
SN,CS,shareera,778,99.51,93.29
SN,CS,shareera,779,98.22,91.75
SN,CS,shareera,780,95.1,90.18
SN,CS,shareera,781,96.74,91.78
SN,CS,shareera,782,97.73,92.19
SN,CS,shareera,783,105.84,97.89
SN,CS,shareera,784,105.26,97.69
SN,CS,shareera,785,105.91,99.1
SN,CS,shareera,786,105.16,99.08
SN,CS,shareera,787,108.53,101.21
SN,CS,shareera,788,107.55,100.52
SN,CS,shareera,789,105.47,99.04
SN,CS,shareera,790,108.71,101.39
SN,CS,shareera,791,106.94,100.83
SN,CS,shareera,792,106.06,100.89
SN,CS,shareera,793,109.38,102.77
SN,CS,shareera,794,110.08,101.61
SN,CS,shareera,795,110.23,102.23
SN,CS,shareera,796,111.11,102.99
SN,CS,shareera,797,111.77,103.97
SN,CS,shareera,798,111.25,102.48
SN,CS,shareera,799,111.38,102.44
SN,CS,shareera,800,111.34,102.04
SN,CS,shareera,801,113.35,104.5
SN,CS,shareera,802,115.61,106.12
SN,CS,shareera,803,121.24,111.36
SN,CS,shareera,804,123.88,113.35
SN,CS,shareera,805,124.43,114.41
SN,CS,shareera,806,123.93,114.49
SN,CS,shareera,807,125.96,116.28
SN,CS,shareera,808,125.93,117.3
SN,CS,shareera,809,130.09,120.19
SN,CS,shareera,810,132.18,121.9
SN,CS,shareera,811,128.38,119.83
SN,CS,shareera,812,127.76,118.67
SN,CS,shareera,813,132.17,121.97
SN,CS,shareera,814,131.63,122.37
SN,CS,shareera,815,125.98,117.23
SN,CS,shareera,816,126.23,116.81
SN,CS,shareera,817,125.53,116.49
SN,CS,shareera,818,121.98,113.51
SN,CS,shareera,819,125.09,115.21
SN,CS,shareera,820,123.96,114.74
SN,CS,shareera,821,124.1,114.77
SN,CS,shareera,822,113.1,106.55
SN,CS,shareera,823,114.23,107.53
SN,CS,shareera,824,112.07,105.94
SN,CS,shareera,825,109.57,103.94
SN,CS,shareera,826,107.16,102.21
SN,CS,shareera,827,105.61,100.76
SN,CS,shareera,828,105.24,100.5
SN,CS,shareera,829,106.82,100.92
SN,CS,shareera,830,108.22,102.46
SN,CS,shareera,831,106.44,100.78
SN,CS,shareera,832,106.5,101.06
SN,CS,shareera,833,99.17,94.79
SN,CS,shareera,834,98.05,93.92
SN,CS,shareera,835,96.57,92.28
SN,CS,shareera,836,95.53,91.51
SN,CS,shareera,837,90.94,88.58
SN,CS,shareera,838,90.26,88.2
SN,CS,shareera,839,90.17,88.24
SN,CS,shareera,840,89.54,88.33
SN,CS,shareera,841,90.64,90.18
SN,CS,shareera,842,89.71,89.32
SN,CS,shareera,843,88.6,88.21
SN,CS,shareera,844,89.32,88.82
SN,CS,shareera,845,88.07,88.35
SN,CS,shareera,846,85.89,87.06
SN,CS,shareera,847,86.56,87.22
SN,CS,shareera,848,85.61,86.34
SN,CS,shareera,849,84.33,85.39
SN,CS,shareera,850,85.3,86.13
SN,CS,shareera,851,83.95,83.98
SN,CS,shareera,852,81.31,82.05
SN,CS,shareera,853,76.35,76.88
SN,CS,shareera,854,74.68,74.54
SN,CS,shareera,855,75.31,74.85
SN,CS,shareera,856,75.31,74.39
SN,CS,shareera,857,72.98,70.75
SN,CS,shareera,858,73.5,68.28
SN,CS,shareera,859,69.54,63.27
SN,CS,shareera,860,68.31,60.74
SN,CS,shareera,861,67.91,62.09
SN,CS,shareera,862,68.5,63.09
SN,CS,shareera,863,67.64,60.18
SN,CS,shareera,864,66.58,59.69
SN,CS,shareera,865,66.42,59.47
SN,CS,shareera,866,66.99,58.52
SN,CS,shareera,867,67.93,58.75
SN,CS,shareera,868,68.73,60.82
SN,CS,shareera,869,66.6,58.89
SN,CS,shareera,870,65.27,58.4
SN,CS,shareera,871,65.65,58.57
SN,CS,shareera,872,65.71,58.75
SN,CS,shareera,873,64.34,55.69
SN,CS,shareera,874,65.93,57.6
SN,CS,shareera,875,66.25,59.15
SN,CS,shareera,876,65.88,58.98
SN,CS,shareera,877,66.44,60.17
SN,CS,shareera,878,69.22,60.28
SN,CS,shareera,879,69.44,59.38
SN,CS,shareera,880,68.7,59.75
SN,CS,shareera,881,71.88,63.38
SN,CS,shareera,882,72.54,62.4
SN,CS,shareera,883,73.44,61.87
SN,CS,shareera,884,73.18,62.01
SN,CS,shareera,885,87.0,75.11
SN,CS,shareera,886,86.15,74.83
SN,CS,shareera,887,87.31,76.39
SN,CS,shareera,888,87.08,77.65
SN,CS,shareera,889,87.3,78.44
SN,CS,shareera,890,85.86,77.07
SN,CS,shareera,891,83.91,74.71
SN,CS,shareera,892,86.34,77.22
SN,CS,shareera,893,86.64,78.19
SN,CS,shareera,894,85.0,76.9
SN,CS,shareera,895,84.89,76.6
SN,CS,shareera,896,84.72,76.6
SN,CS,shareera,897,83.23,74.89
SN,CS,shareera,898,83.68,76.1
SN,CS,shareera,899,86.39,78.92
SN,CS,shareera,900,84.65,78.06
SN,CS,shareera,901,86.05,78.61
SN,CS,shareera,902,87.39,79.86
SN,CS,shareera,903,90.67,82.37
SN,CS,shareera,904,92.62,84.22
SN,CS,shareera,905,93.0,84.36
SN,CS,shareera,906,91.86,83.12
SN,CS,shareera,907,93.08,84.06
SN,CS,shareera,908,93.38,83.91
SN,CS,shareera,909,95.1,84.54
SN,CS,shareera,910,93.95,85.09
SN,CS,shareera,911,93.21,85.46
SN,CS,shareera,912,93.6,85.88
SN,CS,shareera,913,94.31,86.66
SN,CS,shareera,914,93.91,86.92
SN,CS,shareera,915,92.18,85.87
SN,CS,shareera,916,93.21,86.73
SN,CS,shareera,917,91.19,85.48
SN,CS,shareera,918,89.74,83.63
SN,CS,shareera,919,87.61,81.34
SN,CS,shareera,920,85.67,79.75
