Text_Type,Book,Chapter,Window,Mean,StDev
SN,AS,shareera,1,19.41,12.5
SN,AS,shareera,2,20.72,13.35
SN,AS,shareera,3,21.5,12.63
SN,AS,shareera,4,18.91,12.41
SN,AS,shareera,5,19.59,13.11
SN,AS,shareera,6,19.44,13.06
SN,AS,shareera,7,18.88,12.94
SN,AS,shareera,8,19.68,12.88
SN,AS,shareera,9,20.61,13.43
SN,AS,shareera,10,20.67,13.65
SN,AS,shareera,11,21.03,14.2
SN,AS,shareera,12,22.33,15.24
SN,AS,shareera,13,20.83,14.1
SN,AS,shareera,14,21.61,14.71
SN,AS,shareera,15,22.45,15.25
SN,AS,shareera,16,20.66,14.33
SN,AS,shareera,17,21.68,14.71
SN,AS,shareera,18,22.17,14.56
SN,AS,shareera,19,21.68,14.77
SN,AS,shareera,20,19.62,13.41
SN,AS,shareera,21,19.9,13.43
SN,AS,shareera,22,21.36,14.11
SN,AS,shareera,23,21.23,13.26
SN,AS,shareera,24,20.84,13.14
SN,AS,shareera,25,21.49,13.08
SN,AS,shareera,26,20.74,12.63
SN,AS,shareera,27,19.4,11.59
SN,AS,shareera,28,20.04,11.77
SN,AS,shareera,29,20.04,10.82
SN,AS,shareera,30,19.16,10.06
SN,AS,shareera,31,21.17,10.39
SN,AS,shareera,32,20.9,9.85
SN,AS,shareera,33,22.13,9.86
SN,AS,shareera,34,20.24,8.95
SN,AS,shareera,35,21.02,9.21
SN,AS,shareera,36,21.04,8.9
SN,AS,shareera,37,20.54,8.46
SN,AS,shareera,38,20.56,8.85
SN,AS,shareera,39,22.09,8.99
SN,AS,shareera,40,22.17,8.78
SN,AS,shareera,41,21.94,8.99
SN,AS,shareera,42,23.87,9.28
SN,AS,shareera,43,24.18,9.63
SN,AS,shareera,44,24.4,9.04
SN,AS,shareera,45,25.22,9.83
SN,AS,shareera,46,23.94,9.89
SN,AS,shareera,47,24.43,9.65
SN,AS,shareera,48,25.87,10.23
SN,AS,shareera,49,26.14,9.89
SN,AS,shareera,50,25.84,10.31
SN,AS,shareera,51,26.56,10.5
SN,AS,shareera,52,26.57,10.71
SN,AS,shareera,53,27.66,10.88
SN,AS,shareera,54,27.26,11.08
SN,AS,shareera,55,25.58,10.93
SN,AS,shareera,56,26.57,11.19
SN,AS,shareera,57,23.09,10.96
SN,AS,shareera,58,25.72,11.69
SN,AS,shareera,59,26.81,12.25
SN,AS,shareera,60,24.69,11.85
SN,AS,shareera,61,23.69,11.63
SN,AS,shareera,62,22.47,11.77
SN,AS,shareera,63,20.93,10.67
SN,AS,shareera,64,20.34,11.01
SN,AS,shareera,65,20.83,11.21
SN,AS,shareera,66,21.49,11.36
SN,AS,shareera,67,20.55,11.27
SN,AS,shareera,68,20.0,10.45
SN,AS,shareera,69,20.32,10.51
SN,AS,shareera,70,19.82,9.44
SN,AS,shareera,71,17.3,8.58
SN,AS,shareera,72,16.89,8.46
SN,AS,shareera,73,17.03,8.04
SN,AS,shareera,74,16.74,8.65
SN,AS,shareera,75,18.89,8.72
SN,AS,shareera,76,18.62,8.42
SN,AS,shareera,77,16.72,8.59
SN,AS,shareera,78,18.05,9.27
SN,AS,shareera,79,17.35,9.4
SN,AS,shareera,80,16.22,9.46
SN,AS,shareera,81,16.21,9.6
SN,AS,shareera,82,15.92,10.22
SN,AS,shareera,83,15.99,10.49
SN,AS,shareera,84,16.01,10.27
SN,AS,shareera,85,15.95,10.3
SN,AS,shareera,86,15.98,9.93
SN,AS,shareera,87,15.28,9.63
SN,AS,shareera,88,15.59,10.29
SN,AS,shareera,89,15.78,10.1
SN,AS,shareera,90,15.82,10.0
SN,AS,shareera,91,15.43,10.09
SN,AS,shareera,92,14.8,9.65
SN,AS,shareera,93,14.51,9.84
SN,AS,shareera,94,15.06,11.06
SN,AS,shareera,95,16.98,12.47
SN,AS,shareera,96,18.72,13.31
SN,AS,shareera,97,19.49,13.78
SN,AS,shareera,98,21.27,14.52
SN,AS,shareera,99,19.03,13.28
SN,AS,shareera,100,18.96,13.27
SN,AS,shareera,101,18.93,13.28
SN,AS,shareera,102,18.61,12.85
SN,AS,shareera,103,19.35,12.42
SN,AS,shareera,104,18.64,11.23
SN,AS,shareera,105,17.93,10.76
SN,AS,shareera,106,17.82,10.2
SN,AS,shareera,107,17.92,10.23
SN,AS,shareera,108,19.52,9.7
SN,AS,shareera,109,18.46,10.13
SN,AS,shareera,110,18.07,9.73
SN,AS,shareera,111,18.1,9.39
SN,AS,shareera,112,19.17,9.53
SN,AS,shareera,113,17.87,9.63
SN,AS,shareera,114,17.61,9.66
SN,AS,shareera,115,17.92,9.99
SN,AS,shareera,116,18.26,9.4
SN,AS,shareera,117,18.12,9.53
SN,AS,shareera,118,18.08,10.99
SN,AS,shareera,119,18.5,10.7
SN,AS,shareera,120,18.43,10.05
SN,AS,shareera,121,18.19,10.05
SN,AS,shareera,122,17.87,9.82
SN,AS,shareera,123,18.08,9.13
SN,AS,shareera,124,17.33,9.5
SN,AS,shareera,125,17.12,10.53
SN,AS,shareera,126,17.49,10.16
SN,AS,shareera,127,17.54,9.52
SN,AS,shareera,128,17.18,9.83
SN,AS,shareera,129,18.18,9.9
SN,AS,shareera,130,17.71,10.3
SN,AS,shareera,131,18.49,11.23
SN,AS,shareera,132,16.95,10.98
SN,AS,shareera,133,18.07,11.09
SN,AS,shareera,134,17.98,10.64
SN,AS,shareera,135,18.88,11.6
SN,AS,shareera,136,18.93,11.66
SN,AS,shareera,137,18.29,11.16
SN,AS,shareera,138,17.51,10.61
SN,AS,shareera,139,17.57,10.35
SN,AS,shareera,140,18.54,9.88
SN,AS,shareera,141,18.76,10.93
SN,AS,shareera,142,18.81,11.02
SN,AS,shareera,143,16.79,9.76
SN,AS,shareera,144,18.42,9.04
SN,AS,shareera,145,17.87,8.46
SN,AS,shareera,146,17.53,7.94
SN,AS,shareera,147,17.51,7.76
SN,AS,shareera,148,17.35,7.64
SN,AS,shareera,149,16.92,7.19
SN,AS,shareera,150,17.16,6.89
SN,AS,shareera,151,17.06,6.76
SN,AS,shareera,152,16.52,6.69
SN,AS,shareera,153,17.61,7.01
SN,AS,shareera,154,17.67,7.03
SN,AS,shareera,155,17.49,6.86
SN,AS,shareera,156,18.27,7.56
SN,AS,shareera,157,20.35,8.13
SN,AS,shareera,158,20.05,8.05
SN,AS,shareera,159,16.98,6.66
SN,AS,shareera,160,20.33,7.89
SN,AS,shareera,161,19.42,7.38
SN,AS,shareera,162,19.39,7.46
SN,AS,shareera,163,18.95,7.45
SN,AS,shareera,164,19.31,7.9
SN,AS,shareera,165,20.28,8.15
SN,AS,shareera,166,20.08,8.14
SN,AS,shareera,167,19.44,7.95
SN,AS,shareera,168,20.83,8.12
SN,AS,shareera,169,18.59,7.38
SN,AS,shareera,170,18.53,7.4
SN,AS,shareera,171,18.55,7.55
SN,AS,shareera,172,18.29,7.69
SN,AS,shareera,173,17.12,7.93
SN,AS,shareera,174,17.85,8.21
SN,AS,shareera,175,17.42,8.06
SN,AS,shareera,176,16.73,8.11
SN,AS,shareera,177,16.91,8.38
SN,AS,shareera,178,16.96,8.65
SN,AS,shareera,179,17.02,9.41
SN,AS,shareera,180,17.43,9.5
SN,AS,shareera,181,18.25,10.11
SN,AS,shareera,182,17.74,9.64
SN,AS,shareera,183,17.32,9.83
SN,AS,shareera,184,16.63,8.3
SN,AS,shareera,185,16.26,8.7
SN,AS,shareera,186,17.01,8.56
SN,AS,shareera,187,17.47,8.5
SN,AS,shareera,188,17.65,8.45
SN,AS,shareera,189,17.29,8.21
SN,AS,shareera,190,17.27,8.6
SN,AS,shareera,191,16.18,8.09
SN,AS,shareera,192,16.39,8.17
SN,AS,shareera,193,15.66,8.33
SN,AS,shareera,194,16.86,7.98
SN,AS,shareera,195,16.96,8.09
SN,AS,shareera,196,15.32,7.87
SN,AS,shareera,197,14.92,8.1
SN,AS,shareera,198,16.47,7.71
SN,AS,shareera,199,16.4,8.04
SN,AS,shareera,200,16.08,7.86
SN,AS,shareera,201,15.32,8.08
SN,AS,shareera,202,14.41,8.7
SN,AS,shareera,203,14.64,8.49
SN,AS,shareera,204,14.64,8.18
SN,AS,shareera,205,15.26,8.66
SN,AS,shareera,206,15.66,8.82
SN,AS,shareera,207,16.35,9.61
SN,AS,shareera,208,16.57,9.36
SN,AS,shareera,209,17.45,9.97
SN,AS,shareera,210,18.05,10.6
SN,AS,shareera,211,18.37,10.91
SN,AS,shareera,212,17.8,11.36
SN,AS,shareera,213,17.98,11.25
SN,AS,shareera,214,18.06,11.15
SN,AS,shareera,215,18.13,10.44
SN,AS,shareera,216,18.75,10.6
SN,AS,shareera,217,18.16,10.21
SN,AS,shareera,218,17.5,10.37
SN,AS,shareera,219,16.98,10.89
SN,AS,shareera,220,18.97,11.72
SN,AS,shareera,221,18.04,11.72
SN,AS,shareera,222,18.98,11.34
SN,AS,shareera,223,20.23,11.84
SN,AS,shareera,224,21.21,12.15
SN,AS,shareera,225,21.74,12.83
SN,AS,shareera,226,20.37,12.46
SN,AS,shareera,227,18.18,11.26
SN,AS,shareera,228,20.9,13.01
SN,AS,shareera,229,20.36,12.69
SN,AS,shareera,230,22.36,13.0
SN,AS,shareera,231,21.28,12.57
SN,AS,shareera,232,21.19,12.19
SN,AS,shareera,233,20.23,11.66
SN,AS,shareera,234,19.81,11.32
SN,AS,shareera,235,21.22,10.51
SN,AS,shareera,236,21.66,10.48
SN,AS,shareera,237,22.69,10.74
SN,AS,shareera,238,24.15,10.77
SN,AS,shareera,239,23.57,10.8
SN,AS,shareera,240,24.35,10.83
SN,AS,shareera,241,24.06,10.89
SN,AS,shareera,242,23.98,10.83
SN,AS,shareera,243,25.51,10.91
SN,AS,shareera,244,24.94,10.26
SN,AS,shareera,245,24.83,10.07
SN,AS,shareera,246,24.76,10.0
SN,AS,shareera,247,24.62,10.02
SN,AS,shareera,248,24.72,10.3
SN,AS,shareera,249,24.26,10.22
SN,AS,shareera,250,26.61,10.75
SN,AS,shareera,251,28.24,11.18
SN,AS,shareera,252,28.15,11.35
SN,AS,shareera,253,26.46,9.97
SN,AS,shareera,254,26.75,10.73
SN,AS,shareera,255,26.51,10.78
SN,AS,shareera,256,26.34,10.73
SN,AS,shareera,257,25.83,11.07
SN,AS,shareera,258,26.76,11.6
SN,AS,shareera,259,26.31,12.11
SN,AS,shareera,260,23.63,12.21
SN,AS,shareera,261,23.87,12.6
SN,AS,shareera,262,25.57,13.0
SN,AS,shareera,263,24.55,13.68
SN,AS,shareera,264,24.17,13.76
SN,AS,shareera,265,23.4,13.94
SN,AS,shareera,266,24.92,13.7
SN,AS,shareera,267,23.8,12.88
SN,AS,shareera,268,23.22,13.29
SN,AS,shareera,269,24.66,13.68
SN,AS,shareera,270,22.22,13.41
SN,AS,shareera,271,21.87,13.65
SN,AS,shareera,272,21.77,13.78
SN,AS,shareera,273,20.46,13.19
SN,AS,shareera,274,21.62,13.87
SN,AS,shareera,275,18.9,12.65
SN,AS,shareera,276,19.18,12.48
SN,AS,shareera,277,20.22,12.92
SN,AS,shareera,278,20.46,13.26
SN,AS,shareera,279,20.22,13.21
SN,AS,shareera,280,19.7,12.8
SN,AS,shareera,281,19.62,12.79
SN,AS,shareera,282,20.52,12.96
SN,AS,shareera,283,20.36,12.46
SN,AS,shareera,284,19.46,12.18
SN,AS,shareera,285,19.63,12.43
SN,AS,shareera,286,19.82,12.33
SN,AS,shareera,287,19.37,11.48
SN,AS,shareera,288,20.6,11.11
SN,AS,shareera,289,19.43,10.66
SN,AS,shareera,290,19.35,10.72
SN,AS,shareera,291,19.35,10.72
SN,AS,shareera,292,19.51,10.81
SN,AS,shareera,293,19.96,11.03
SN,AS,shareera,294,20.4,11.21
SN,AS,shareera,295,21.51,11.13
SN,AS,shareera,296,23.76,11.37
SN,AS,shareera,297,25.8,11.49
SN,AS,shareera,298,26.96,11.96
SN,AS,shareera,299,27.15,10.86
SN,AS,shareera,300,28.43,11.73
SN,AS,shareera,301,30.47,12.88
SN,AS,shareera,302,29.85,12.8
SN,AS,shareera,303,30.53,12.08
SN,AS,shareera,304,29.1,11.86
SN,AS,shareera,305,28.79,11.96
SN,AS,shareera,306,27.64,12.24
SN,AS,shareera,307,26.33,11.47
SN,AS,shareera,308,24.57,10.95
SN,AS,shareera,309,23.5,10.09
SN,AS,shareera,310,22.76,9.44
SN,AS,shareera,311,20.89,8.59
SN,AS,shareera,312,18.8,8.23
SN,AS,shareera,313,19.56,7.93
SN,AS,shareera,314,19.31,8.29
SN,AS,shareera,315,18.94,8.51
SN,AS,shareera,316,18.75,8.46
SN,AS,shareera,317,19.06,9.58
SN,AS,shareera,318,16.62,8.69
SN,AS,shareera,319,15.91,8.46
SN,AS,shareera,320,16.22,8.83
SN,AS,shareera,321,16.8,8.86
SN,AS,shareera,322,17.41,8.63
SN,AS,shareera,323,17.42,8.5
SN,AS,shareera,324,18.1,8.23
SN,AS,shareera,325,17.5,8.15
SN,AS,shareera,326,16.81,7.02
SN,AS,shareera,327,15.63,6.88
SN,AS,shareera,328,15.57,7.57
SN,AS,shareera,329,15.34,7.8
SN,AS,shareera,330,15.89,7.75
SN,AS,shareera,331,14.87,7.16
SN,AS,shareera,332,14.02,7.55
SN,AS,shareera,333,14.26,8.22
SN,AS,shareera,334,14.8,8.91
SN,AS,shareera,335,18.13,10.12
SN,AS,shareera,336,20.0,11.11
SN,AS,shareera,337,23.06,11.77
SN,AS,shareera,338,22.38,11.77
SN,AS,shareera,339,22.62,11.66
SN,AS,shareera,340,22.03,11.68
SN,AS,shareera,341,22.64,11.98
SN,AS,shareera,342,21.18,11.03
SN,AS,shareera,343,19.3,11.06
SN,AS,shareera,344,22.15,10.93
SN,AS,shareera,345,21.2,10.34
SN,AS,shareera,346,20.43,9.81
SN,AS,shareera,347,20.73,9.47
SN,AS,shareera,348,22.29,10.02
SN,AS,shareera,349,24.18,11.02
SN,AS,shareera,350,26.29,11.7
SN,AS,shareera,351,27.47,12.47
SN,AS,shareera,352,27.24,12.05
SN,AS,shareera,353,28.65,11.53
SN,AS,shareera,354,28.53,11.25
SN,AS,shareera,355,24.7,10.29
SN,AS,shareera,356,26.23,11.42
SN,AS,shareera,357,27.3,12.41
SN,AS,shareera,358,27.79,12.56
SN,AS,shareera,359,27.6,12.86
SN,AS,shareera,360,25.37,13.06
SN,AS,shareera,361,27.11,13.19
SN,AS,shareera,362,27.65,13.72
SN,AS,shareera,363,27.81,14.24
SN,AS,shareera,364,27.33,13.96
SN,AS,shareera,365,25.23,14.2
SN,AS,shareera,366,24.74,14.38
SN,AS,shareera,367,25.03,14.68
SN,AS,shareera,368,25.44,14.66
SN,AS,shareera,369,23.71,14.57
SN,AS,shareera,370,23.11,14.11
SN,AS,shareera,371,23.35,14.29
SN,AS,shareera,372,23.61,14.56
SN,AS,shareera,373,22.3,14.44
SN,AS,shareera,374,22.17,14.12
SN,AS,shareera,375,20.56,13.77
SN,AS,shareera,376,20.38,13.34
SN,AS,shareera,377,20.62,13.69
SN,AS,shareera,378,20.44,13.91
SN,AS,shareera,379,20.87,14.26
SN,AS,shareera,380,20.79,14.09
SN,AS,shareera,381,19.33,13.24
SN,AS,shareera,382,17.58,11.55
SN,AS,shareera,383,17.6,11.16
SN,AS,shareera,384,16.74,10.87
SN,AS,shareera,385,16.88,10.23
SN,AS,shareera,386,17.94,9.51
SN,AS,shareera,387,18.91,8.98
SN,AS,shareera,388,19.28,8.7
SN,AS,shareera,389,19.11,8.9
SN,AS,shareera,390,20.43,9.04
SN,AS,shareera,391,20.64,8.71
SN,AS,shareera,392,20.38,8.84
SN,AS,shareera,393,18.33,8.6
SN,AS,shareera,394,17.59,8.36
SN,AS,shareera,395,18.79,8.89
SN,AS,shareera,396,18.99,8.93
SN,AS,shareera,397,18.89,9.12
SN,AS,shareera,398,20.33,9.53
SN,AS,shareera,399,19.92,9.13
SN,AS,shareera,400,19.6,8.82
SN,AS,shareera,401,20.16,8.33
SN,AS,shareera,402,19.44,7.97
SN,AS,shareera,403,19.39,7.45
SN,AS,shareera,404,20.8,7.6
SN,AS,shareera,405,20.41,7.78
SN,AS,shareera,406,20.35,7.94
SN,AS,shareera,407,20.84,7.78
SN,AS,shareera,408,19.99,8.0
SN,AS,shareera,409,19.27,8.21
SN,AS,shareera,410,21.11,9.43
SN,AS,shareera,411,20.51,9.56
SN,AS,shareera,412,19.33,9.82
SN,AS,shareera,413,18.6,9.79
SN,AS,shareera,414,18.67,9.51
SN,AS,shareera,415,19.51,9.57
SN,AS,shareera,416,18.38,9.51
SN,AS,shareera,417,17.59,9.97
SN,AS,shareera,418,17.24,10.08
SN,AS,shareera,419,18.21,10.36
SN,AS,shareera,420,16.78,9.95
SN,AS,shareera,421,17.76,10.18
SN,AS,shareera,422,17.76,10.37
SN,AS,shareera,423,19.22,10.19
SN,AS,shareera,424,20.64,11.08
SN,AS,shareera,425,21.63,11.79
SN,AS,shareera,426,22.29,12.26
SN,AS,shareera,427,22.94,12.9
SN,AS,shareera,428,23.44,13.13
SN,AS,shareera,429,22.58,12.5
SN,AS,shareera,430,24.0,13.62
SN,AS,shareera,431,23.88,13.66
SN,AS,shareera,432,24.84,13.91
SN,AS,shareera,433,24.34,12.88
SN,AS,shareera,434,23.26,12.8
SN,AS,shareera,435,20.2,12.55
SN,AS,shareera,436,21.62,12.77
SN,AS,shareera,437,23.01,13.02
SN,AS,shareera,438,24.32,13.29
SN,AS,shareera,439,24.62,13.41
SN,AS,shareera,440,22.56,12.72
SN,AS,shareera,441,23.22,12.64
SN,AS,shareera,442,21.25,11.74
SN,AS,shareera,443,21.08,11.68
SN,AS,shareera,444,20.47,11.82
SN,AS,shareera,445,21.58,12.73
SN,AS,shareera,446,21.27,13.0
SN,AS,shareera,447,22.77,13.6
SN,AS,shareera,448,24.06,14.08
SN,AS,shareera,449,22.51,13.67
SN,AS,shareera,450,20.55,12.88
SN,AS,shareera,451,20.24,12.89
SN,AS,shareera,452,19.07,12.66
SN,AS,shareera,453,20.0,13.35
SN,AS,shareera,454,21.2,13.92
SN,AS,shareera,455,19.35,12.81
SN,AS,shareera,456,17.91,12.09
SN,AS,shareera,457,17.29,12.15
SN,AS,shareera,458,17.45,12.44
SN,AS,shareera,459,17.72,12.51
SN,AS,shareera,460,17.98,12.43
SN,AS,shareera,461,16.88,11.7
SN,AS,shareera,462,17.34,12.17
SN,AS,shareera,463,17.17,11.82
SN,AS,shareera,464,17.88,11.76
SN,AS,shareera,465,18.03,11.74
SN,AS,shareera,466,17.26,11.32
SN,AS,shareera,467,18.05,10.77
SN,AS,shareera,468,18.21,10.87
SN,AS,shareera,469,19.03,10.71
SN,AS,shareera,470,19.13,10.22
SN,AS,shareera,471,20.36,10.51
SN,AS,shareera,472,21.67,10.23
SN,AS,shareera,473,21.6,9.66
SN,AS,shareera,474,21.34,9.21
SN,AS,shareera,475,19.85,9.19
SN,AS,shareera,476,19.2,9.24
SN,AS,shareera,477,19.65,8.84
SN,AS,shareera,478,19.06,8.43
SN,AS,shareera,479,19.55,8.25
SN,AS,shareera,480,20.59,8.75
SN,AS,shareera,481,19.61,8.98
SN,AS,shareera,482,19.77,8.89
SN,AS,shareera,483,22.17,9.09
SN,AS,shareera,484,21.11,8.62
SN,AS,shareera,485,22.9,8.89
SN,AS,shareera,486,22.81,8.81
SN,AS,shareera,487,20.98,7.73
SN,AS,shareera,488,20.58,7.92
SN,AS,shareera,489,20.0,8.11
SN,AS,shareera,490,18.6,7.9
SN,AS,shareera,491,18.14,8.5
SN,AS,shareera,492,18.88,9.19
SN,AS,shareera,493,17.82,9.07
SN,AS,shareera,494,17.89,8.76
SN,AS,shareera,495,16.66,8.47
SN,AS,shareera,496,16.22,8.24
SN,AS,shareera,497,15.85,7.99
SN,AS,shareera,498,16.14,8.79
SN,AS,shareera,499,16.47,9.1
SN,AS,shareera,500,18.06,8.74
SN,AS,shareera,501,17.07,8.18
SN,AS,shareera,502,16.42,9.04
SN,AS,shareera,503,16.35,9.35
SN,AS,shareera,504,16.55,9.58
SN,AS,shareera,505,16.51,9.72
SN,AS,shareera,506,17.88,10.26
SN,AS,shareera,507,17.75,10.93
SN,AS,shareera,508,18.6,11.35
SN,AS,shareera,509,19.58,12.25
SN,AS,shareera,510,18.82,12.11
SN,AS,shareera,511,20.27,12.5
SN,AS,shareera,512,22.41,14.46
SN,AS,shareera,513,23.33,14.89
SN,AS,shareera,514,22.99,14.9
SN,AS,shareera,515,22.18,14.63
SN,AS,shareera,516,22.08,13.88
SN,AS,shareera,517,22.56,13.84
SN,AS,shareera,518,22.71,13.66
SN,AS,shareera,519,24.61,14.1
SN,AS,shareera,520,24.22,13.4
SN,AS,shareera,521,22.64,12.87
SN,AS,shareera,522,24.8,12.58
SN,AS,shareera,523,25.72,12.42
SN,AS,shareera,524,25.17,12.45
SN,AS,shareera,525,25.21,12.79
SN,AS,shareera,526,26.03,13.31
SN,AS,shareera,527,23.74,12.4
SN,AS,shareera,528,23.2,12.02
SN,AS,shareera,529,23.61,11.79
SN,AS,shareera,530,23.03,11.63
SN,AS,shareera,531,22.06,11.21
SN,AS,shareera,532,22.97,11.28
SN,AS,shareera,533,21.91,10.86
SN,AS,shareera,534,22.03,10.35
SN,AS,shareera,535,20.24,10.71
SN,AS,shareera,536,21.9,10.8
SN,AS,shareera,537,19.61,8.89
SN,AS,shareera,538,18.6,8.13
SN,AS,shareera,539,18.53,7.99
SN,AS,shareera,540,18.87,7.89
SN,AS,shareera,541,17.47,7.95
SN,AS,shareera,542,18.25,8.05
SN,AS,shareera,543,18.28,7.9
SN,AS,shareera,544,19.05,8.91
SN,AS,shareera,545,20.03,9.89
SN,AS,shareera,546,19.59,10.16
SN,AS,shareera,547,21.7,11.58
SN,AS,shareera,548,23.46,12.37
SN,AS,shareera,549,23.21,12.64
SN,AS,shareera,550,24.31,12.65
SN,AS,shareera,551,27.35,14.11
SN,AS,shareera,552,28.23,14.77
SN,AS,shareera,553,25.69,14.48
SN,AS,shareera,554,25.28,14.11
SN,AS,shareera,555,24.05,14.4
SN,AS,shareera,556,24.59,15.04
SN,AS,shareera,557,23.14,14.29
SN,AS,shareera,558,22.29,14.46
SN,AS,shareera,559,21.94,14.28
SN,AS,shareera,560,22.0,14.2
SN,AS,shareera,561,21.39,14.29
SN,AS,shareera,562,21.28,14.56
SN,AS,shareera,563,21.92,14.76
SN,AS,shareera,564,23.56,15.22
SN,AS,shareera,565,23.08,14.88
SN,AS,shareera,566,23.17,14.9
SN,AS,shareera,567,23.87,14.76
SN,AS,shareera,568,24.21,15.0
SN,AS,shareera,569,24.12,14.94
SN,AS,shareera,570,26.03,14.76
SN,AS,shareera,571,25.02,14.49
SN,AS,shareera,572,21.48,12.17
SN,AS,shareera,573,20.52,11.34
SN,AS,shareera,574,19.1,10.75
SN,AS,shareera,575,18.8,10.48
SN,AS,shareera,576,16.38,8.7
SN,AS,shareera,577,17.11,8.68
SN,AS,shareera,578,17.42,9.18
SN,AS,shareera,579,18.63,9.84
SN,AS,shareera,580,18.84,10.0
SN,AS,shareera,581,17.82,10.17
SN,AS,shareera,582,18.52,10.22
SN,AS,shareera,583,17.89,10.43
SN,AS,shareera,584,18.32,10.47
SN,AS,shareera,585,18.53,10.13
SN,AS,shareera,586,19.24,10.4
SN,AS,shareera,587,19.06,10.39
SN,AS,shareera,588,18.51,9.76
SN,AS,shareera,589,18.54,8.98
SN,AS,shareera,590,17.87,8.74
SN,AS,shareera,591,18.47,8.34
SN,AS,shareera,592,18.92,7.82
SN,AS,shareera,593,18.84,7.78
SN,AS,shareera,594,20.93,7.37
SN,AS,shareera,595,23.03,7.87
SN,AS,shareera,596,23.6,8.24
SN,AS,shareera,597,23.31,8.47
SN,AS,shareera,598,24.36,8.84
SN,AS,shareera,599,24.42,9.0
SN,AS,shareera,600,25.31,9.46
SN,AS,shareera,601,26.7,10.15
SN,AS,shareera,602,25.93,10.17
SN,AS,shareera,603,26.34,10.76
SN,AS,shareera,604,28.44,11.46
SN,AS,shareera,605,31.32,12.57
SN,AS,shareera,606,30.32,11.87
SN,AS,shareera,607,22.94,8.6
SN,AS,shareera,608,23.14,8.76
SN,AS,shareera,609,21.37,8.3
SN,AS,shareera,610,20.79,8.35
SN,AS,shareera,611,21.22,8.45
SN,AS,shareera,612,21.36,8.59
SN,AS,shareera,613,20.24,8.38
SN,AS,shareera,614,19.8,8.18
SN,AS,shareera,615,19.29,8.13
SN,AS,shareera,616,19.16,8.09
SN,AS,shareera,617,19.23,8.11
SN,AS,shareera,618,19.31,8.03
SN,AS,shareera,619,19.25,7.99
SN,AS,shareera,620,19.41,8.03
SN,AS,shareera,621,19.5,8.0
SN,AS,shareera,622,20.45,8.06
SN,AS,shareera,623,19.92,7.96
SN,AS,shareera,624,19.93,7.92
SN,AS,shareera,625,19.66,7.81
SN,AS,shareera,626,19.71,7.89
SN,AS,shareera,627,19.63,7.84
SN,AS,shareera,628,17.97,7.59
SN,AS,shareera,629,18.06,7.55
SN,AS,shareera,630,18.29,7.84
SN,AS,shareera,631,19.27,8.38
SN,AS,shareera,632,19.27,7.68
SN,AS,shareera,633,18.57,7.2
SN,AS,shareera,634,19.62,7.81
SN,AS,shareera,635,20.74,7.93
SN,AS,shareera,636,21.08,7.78
SN,AS,shareera,637,21.23,7.71
SN,AS,shareera,638,20.96,7.7
SN,AS,shareera,639,21.0,8.02
SN,AS,shareera,640,21.46,8.25
SN,AS,shareera,641,21.12,8.1
SN,AS,shareera,642,19.14,7.73
SN,AS,shareera,643,21.12,8.6
SN,AS,shareera,644,20.9,8.31
SN,AS,shareera,645,20.42,8.13
SN,AS,shareera,646,19.92,8.11
SN,AS,shareera,647,20.52,8.37
SN,AS,shareera,648,21.26,8.94
SN,AS,shareera,649,20.58,9.28
SN,AS,shareera,650,21.93,10.07
SN,AS,shareera,651,23.42,10.74
SN,AS,shareera,652,25.14,11.64
SN,AS,shareera,653,27.76,11.91
SN,AS,shareera,654,27.17,12.12
SN,AS,shareera,655,24.83,11.89
SN,AS,shareera,656,27.88,12.23
SN,AS,shareera,657,28.53,11.85
SN,AS,shareera,658,29.3,11.77
SN,AS,shareera,659,30.61,12.43
SN,AS,shareera,660,32.43,12.74
SN,AS,shareera,661,32.94,13.05
SN,AS,shareera,662,31.91,12.85
SN,AS,shareera,663,31.48,12.88
SN,AS,shareera,664,29.62,12.71
SN,AS,shareera,665,31.34,13.92
SN,AS,shareera,666,30.93,13.33
SN,AS,shareera,667,30.28,13.79
SN,AS,shareera,668,27.79,13.15
SN,AS,shareera,669,27.32,12.96
SN,AS,shareera,670,26.23,12.37
SN,AS,shareera,671,26.64,11.95
SN,AS,shareera,672,27.6,12.35
SN,AS,shareera,673,28.35,11.83
SN,AS,shareera,674,28.3,12.18
SN,AS,shareera,675,28.02,12.33
SN,AS,shareera,676,27.97,13.14
SN,AS,shareera,677,26.76,12.97
SN,AS,shareera,678,24.39,12.03
SN,AS,shareera,679,23.51,12.11
SN,AS,shareera,680,24.43,12.45
SN,AS,shareera,681,22.23,11.61
SN,AS,shareera,682,22.08,11.56
SN,AS,shareera,683,22.96,12.33
SN,AS,shareera,684,21.53,11.84
SN,AS,shareera,685,20.29,11.7
SN,AS,shareera,686,19.68,11.07
SN,AS,shareera,687,20.18,12.21
SN,AS,shareera,688,18.84,11.47
SN,AS,shareera,689,18.85,11.37
SN,AS,shareera,690,17.88,10.65
SN,AS,shareera,691,18.76,11.41
SN,AS,shareera,692,17.42,10.55
SN,AS,shareera,693,18.09,11.05
SN,AS,shareera,694,17.07,10.23
SN,AS,shareera,695,17.82,10.61
SN,AS,shareera,696,17.47,10.67
SN,AS,shareera,697,17.78,11.12
SN,AS,shareera,698,18.78,11.53
SN,AS,shareera,699,18.22,10.89
SN,AS,shareera,700,19.25,11.26
SN,AS,shareera,701,19.99,10.27
SN,AS,shareera,702,19.77,9.36
SN,AS,shareera,703,18.85,8.92
SN,AS,shareera,704,19.41,8.81
SN,AS,shareera,705,21.27,8.57
SN,AS,shareera,706,21.78,8.45
SN,AS,shareera,707,22.52,8.51
SN,AS,shareera,708,24.09,8.64
SN,AS,shareera,709,22.63,8.48
SN,AS,shareera,710,23.78,8.6
SN,AS,shareera,711,24.23,8.83
SN,AS,shareera,712,26.89,8.9
SN,AS,shareera,713,26.12,8.84
SN,AS,shareera,714,26.14,8.73
SN,AS,shareera,715,25.85,8.45
SN,AS,shareera,716,23.26,7.71
SN,AS,shareera,717,23.19,7.7
SN,AS,shareera,718,21.83,7.43
SN,AS,shareera,719,22.8,7.53
SN,AS,shareera,720,20.53,7.07
SN,AS,shareera,721,20.75,6.85
SN,AS,shareera,722,22.64,7.22
SN,AS,shareera,723,22.17,7.24
SN,AS,shareera,724,21.12,6.9
SN,AS,shareera,725,20.65,6.7
SN,AS,shareera,726,17.57,5.92
SN,AS,shareera,727,15.9,5.82
SN,AS,shareera,728,15.64,6.03
SN,AS,shareera,729,15.53,6.12
SN,AS,shareera,730,15.94,6.49
SN,AS,shareera,731,16.55,7.08
SN,AS,shareera,732,16.93,7.16
SN,AS,shareera,733,18.05,7.68
SN,AS,shareera,734,17.59,6.96
SN,AS,shareera,735,18.53,7.25
SN,AS,shareera,736,17.65,7.17
SN,AS,shareera,737,16.17,7.08
SN,AS,shareera,738,15.75,6.58
SN,AS,shareera,739,14.56,6.93
SN,AS,shareera,740,14.97,7.54
SN,AS,shareera,741,14.28,8.13
SN,AS,shareera,742,13.95,8.16
SN,AS,shareera,743,15.25,8.49
SN,AS,shareera,744,16.38,9.07
SN,AS,shareera,745,16.15,9.63
SN,AS,shareera,746,17.35,10.15
SN,AS,shareera,747,16.49,9.93
SN,AS,shareera,748,16.45,9.79
SN,AS,shareera,749,17.61,10.45
SN,AS,shareera,750,19.28,10.4
SN,AS,shareera,751,18.39,9.89
SN,AS,shareera,752,19.92,10.11
SN,AS,shareera,753,22.44,10.19
SN,AS,shareera,754,20.05,9.91
SN,AS,shareera,755,20.56,9.45
SN,AS,shareera,756,20.26,9.43
SN,AS,shareera,757,20.35,9.23
SN,AS,shareera,758,19.96,9.04
SN,AS,shareera,759,21.43,9.2
SN,AS,shareera,760,21.67,8.96
SN,AS,shareera,761,21.8,9.2
SN,AS,shareera,762,22.31,9.44
SN,AS,shareera,763,22.31,9.44
SN,AS,shareera,764,21.13,8.85
SN,AS,shareera,765,20.72,8.48
SN,AS,shareera,766,20.93,8.67
SN,AS,shareera,767,22.01,8.94
SN,AS,shareera,768,22.35,9.02
SN,AS,shareera,769,20.0,8.24
SN,AS,shareera,770,19.18,7.84
SN,AS,shareera,771,18.49,7.88
SN,AS,shareera,772,19.3,7.92
SN,AS,shareera,773,21.47,8.37
SN,AS,shareera,774,20.71,7.93
SN,AS,shareera,775,23.99,8.36
SN,AS,shareera,776,22.96,8.09
SN,AS,shareera,777,22.61,7.58
SN,AS,shareera,778,23.46,7.55
SN,AS,shareera,779,22.6,7.66
SN,AS,shareera,780,21.75,7.62
SN,AS,shareera,781,23.38,7.75
SN,AS,shareera,782,24.89,8.15
SN,AS,shareera,783,24.48,7.99
SN,AS,shareera,784,26.5,8.34
SN,AS,shareera,785,27.17,8.58
SN,AS,shareera,786,24.06,8.42
SN,AS,shareera,787,23.67,8.55
SN,AS,shareera,788,24.73,9.39
SN,AS,shareera,789,24.83,9.73
SN,AS,shareera,790,23.65,9.63
SN,AS,shareera,791,24.31,9.44
SN,AS,shareera,792,23.37,9.4
SN,AS,shareera,793,24.65,9.09
SN,AS,shareera,794,24.3,8.99
SN,AS,shareera,795,25.68,9.31
SN,AS,shareera,796,23.83,8.42
SN,AS,shareera,797,24.89,8.69
SN,AS,shareera,798,22.87,8.72
SN,AS,shareera,799,23.63,8.63
SN,AS,shareera,800,22.71,7.76
SN,AS,shareera,801,22.88,7.82
SN,AS,shareera,802,22.01,7.73
SN,AS,shareera,803,23.01,8.23
SN,AS,shareera,804,21.14,7.81
SN,AS,shareera,805,21.43,7.92
SN,AS,shareera,806,20.04,8.29
SN,AS,shareera,807,18.17,7.9
SN,AS,shareera,808,16.96,7.68
SN,AS,shareera,809,16.39,7.96
SN,AS,shareera,810,16.03,7.51
SN,AS,shareera,811,15.63,6.94
SN,AS,shareera,812,14.21,6.88
SN,AS,shareera,813,14.21,6.88
SN,AS,shareera,814,15.42,7.08
SN,AS,shareera,815,16.92,7.21
SN,AS,shareera,816,17.08,7.32
SN,AS,shareera,817,15.9,6.95
SN,AS,shareera,818,15.4,7.19
SN,AS,shareera,819,17.01,7.83
SN,AS,shareera,820,18.12,7.92
SN,AS,shareera,821,17.67,8.26
SN,AS,shareera,822,17.93,8.18
SN,AS,shareera,823,20.92,8.6
SN,AS,shareera,824,19.58,8.78
SN,AS,shareera,825,22.58,10.03
SN,AS,shareera,826,24.03,10.78
SN,AS,shareera,827,26.84,11.45
SN,AS,shareera,828,27.56,11.65
SN,AS,shareera,829,27.78,11.6
SN,AS,shareera,830,32.3,12.94
SN,AS,shareera,831,30.27,12.47
SN,AS,shareera,832,31.16,12.84
SN,AS,shareera,833,32.49,13.21
SN,AS,shareera,834,31.56,12.92
SN,AS,shareera,835,29.22,12.18
SN,AS,shareera,836,28.76,11.99
SN,AS,shareera,837,28.29,11.05
SN,AS,shareera,838,28.45,10.81
SN,AS,shareera,839,28.47,10.78
SN,AS,shareera,840,29.03,10.78
SN,AS,shareera,841,27.85,10.43
SN,AS,shareera,842,26.7,10.21
SN,AS,shareera,843,26.32,10.23
SN,AS,shareera,844,25.2,10.65
SN,AS,shareera,845,24.96,10.1
SN,AS,shareera,846,24.48,9.98
SN,AS,shareera,847,26.84,10.35
SN,AS,shareera,848,29.11,10.49
SN,AS,shareera,849,30.35,10.81
SN,AS,shareera,850,28.93,10.83
SN,AS,shareera,851,26.58,10.01
SN,AS,shareera,852,25.93,9.49
SN,AS,shareera,853,24.15,9.23
SN,AS,shareera,854,22.36,8.89
SN,AS,shareera,855,21.37,8.44
SN,AS,shareera,856,20.24,8.2
SN,AS,shareera,857,19.97,8.04
SN,AS,shareera,858,19.74,7.9
SN,AS,shareera,859,18.44,7.42
SN,AS,shareera,860,20.84,8.36
SN,AS,shareera,861,20.2,8.42
SN,AS,shareera,862,24.53,9.67
SN,AS,shareera,863,26.95,10.43
SN,AS,shareera,864,27.29,10.21
SN,AS,shareera,865,26.6,10.26
SN,AS,shareera,866,28.35,10.91
SN,AS,shareera,867,28.9,10.98
SN,AS,shareera,868,26.48,10.43
SN,AS,shareera,869,27.07,10.14
SN,AS,shareera,870,25.67,10.13
SN,AS,shareera,871,28.39,10.56
SN,AS,shareera,872,25.34,9.82
SN,AS,shareera,873,24.38,9.25
SN,AS,shareera,874,25.76,9.37
SN,AS,shareera,875,25.8,9.18
SN,AS,shareera,876,23.62,8.77
SN,AS,shareera,877,21.94,8.78
SN,AS,shareera,878,23.04,9.18
SN,AS,shareera,879,19.21,8.87
SN,AS,shareera,880,16.19,8.41
SN,AS,shareera,881,14.7,7.99
SN,AS,shareera,882,14.72,8.05
SN,AS,shareera,883,15.06,8.09
SN,AS,shareera,884,15.42,8.53
SN,AS,shareera,885,15.33,8.79
SN,AS,shareera,886,16.53,9.47
SN,AS,shareera,887,16.0,9.04
SN,AS,shareera,888,15.46,8.8
SN,AS,shareera,889,17.54,9.75
SN,AS,shareera,890,17.73,9.87
SN,AS,shareera,891,16.84,9.46
SN,AS,shareera,892,15.84,9.75
SN,AS,shareera,893,15.12,9.12
SN,AS,shareera,894,14.78,9.12
SN,AS,shareera,895,17.28,10.12
SN,AS,shareera,896,18.8,10.75
SN,AS,shareera,897,19.71,10.89
SN,AS,shareera,898,21.37,11.72
SN,AS,shareera,899,21.35,10.83
SN,AS,shareera,900,21.12,11.26
SN,AS,shareera,901,21.09,10.99
SN,AS,shareera,902,21.28,10.56
SN,AS,shareera,903,20.79,10.23
SN,AS,shareera,904,19.12,9.84
SN,AS,shareera,905,21.09,10.17
SN,AS,shareera,906,20.88,10.67
SN,AS,shareera,907,22.49,11.07
SN,AS,shareera,908,22.47,11.17
SN,AS,shareera,909,22.98,11.01
SN,AS,shareera,910,20.98,10.82
SN,AS,shareera,911,22.11,9.96
SN,AS,shareera,912,22.55,10.92
SN,AS,shareera,913,22.87,10.73
SN,AS,shareera,914,20.07,9.89
SN,AS,shareera,915,18.9,9.54
SN,AS,shareera,916,19.61,9.59
SN,AS,shareera,917,19.98,9.21
SN,AS,shareera,918,18.54,9.34
SN,AS,shareera,919,19.22,9.75
SN,AS,shareera,920,18.14,8.69
SN,AS,shareera,921,17.71,8.61
SN,AS,shareera,922,17.0,8.28
SN,AS,shareera,923,16.91,8.19
SN,AS,shareera,924,17.22,8.79
SN,AS,shareera,925,18.79,7.74
SN,AS,shareera,926,18.03,7.79
SN,AS,shareera,927,18.2,7.76
SN,AS,shareera,928,18.39,7.9
SN,AS,shareera,929,18.48,7.7
SN,AS,shareera,930,18.76,7.9
SN,AS,shareera,931,18.81,8.04
SN,AS,shareera,932,19.69,7.94
SN,AS,shareera,933,20.24,7.83
SN,AS,shareera,934,19.41,8.03
SN,AS,shareera,935,18.75,8.07
SN,AS,shareera,936,21.02,8.78
SN,AS,shareera,937,21.76,8.38
SN,AS,shareera,938,23.25,8.92
SN,AS,shareera,939,24.82,9.84
SN,AS,shareera,940,24.24,9.85
SN,AS,shareera,941,25.01,10.27
SN,AS,shareera,942,26.44,10.33
SN,AS,shareera,943,22.26,9.14
SN,AS,shareera,944,23.64,9.52
SN,AS,shareera,945,24.12,10.06
SN,AS,shareera,946,26.57,10.69
SN,AS,shareera,947,29.48,11.45
SN,AS,shareera,948,28.71,11.41
SN,AS,shareera,949,27.26,10.9
SN,AS,shareera,950,28.17,11.33
SN,AS,shareera,951,28.34,11.4
SN,AS,shareera,952,28.46,11.56
SN,AS,shareera,953,28.61,11.99
SN,AS,shareera,954,27.56,12.07
SN,AS,shareera,955,28.11,11.99
SN,AS,shareera,956,25.77,11.03
SN,AS,shareera,957,25.02,10.98
SN,AS,shareera,958,28.02,12.33
SN,AS,shareera,959,25.69,11.66
SN,AS,shareera,960,26.32,11.92
SN,AS,shareera,961,25.57,11.64
SN,AS,shareera,962,24.21,11.07
SN,AS,shareera,963,24.23,10.48
SN,AS,shareera,964,20.07,10.03
SN,AS,shareera,965,19.93,9.97
SN,AS,shareera,966,19.82,9.49
SN,AS,shareera,967,19.43,9.42
SN,AS,shareera,968,22.52,10.87
SN,AS,shareera,969,20.62,10.38
SN,AS,shareera,970,21.67,11.27
SN,AS,shareera,971,19.47,9.74
SN,AS,shareera,972,21.5,9.67
SN,AS,shareera,973,20.6,8.93
SN,AS,shareera,974,19.68,8.91
SN,AS,shareera,975,19.88,9.16
SN,AS,shareera,976,20.82,9.26
SN,AS,shareera,977,21.23,9.33
SN,AS,shareera,978,21.93,9.66
SN,AS,shareera,979,20.61,9.5
SN,AS,shareera,980,20.13,9.06
SN,AS,shareera,981,21.53,9.93
SN,AS,shareera,982,21.57,9.4
SN,AS,shareera,983,18.76,8.78
SN,AS,shareera,984,20.16,9.37
SN,AS,shareera,985,19.6,8.64
SN,AS,shareera,986,20.36,8.52
SN,AS,shareera,987,21.82,9.09
SN,AS,shareera,988,23.13,9.47
SN,AS,shareera,989,22.26,9.66
SN,AS,shareera,990,22.22,9.75
SN,AS,shareera,991,22.37,10.14
SN,AS,shareera,992,23.8,10.21
SN,AS,shareera,993,22.54,10.0
SN,AS,shareera,994,23.81,10.14
SN,AS,shareera,995,20.29,9.06
SN,AS,shareera,996,20.85,10.03
SN,AS,shareera,997,20.11,9.94
SN,AS,shareera,998,19.47,9.69
SN,AS,shareera,999,20.14,10.14
SN,AS,shareera,1000,20.35,9.92
SN,AS,shareera,1001,19.6,9.53
SN,AS,shareera,1002,21.94,9.64
SN,AS,shareera,1003,22.17,9.15
SN,AS,shareera,1004,22.86,9.25
SN,AS,shareera,1005,23.28,9.26
SN,AS,shareera,1006,22.42,9.31
SN,AS,shareera,1007,23.73,9.56
SN,AS,shareera,1008,23.72,9.46
SN,AS,shareera,1009,24.05,9.6
SN,AS,shareera,1010,24.48,9.83
SN,AS,shareera,1011,24.58,9.66
SN,AS,shareera,1012,25.24,9.83
SN,AS,shareera,1013,25.77,10.05
SN,AS,shareera,1014,28.18,9.72
SN,AS,shareera,1015,25.45,9.25
SN,AS,shareera,1016,24.2,9.32
SN,AS,shareera,1017,25.05,9.2
SN,AS,shareera,1018,24.39,9.29
SN,AS,shareera,1019,24.62,9.28
SN,AS,shareera,1020,21.96,8.98
SN,AS,shareera,1021,20.62,8.82
SN,AS,shareera,1022,20.51,8.35
SN,AS,shareera,1023,22.12,9.43
SN,AS,shareera,1024,23.48,9.58
SN,AS,shareera,1025,23.86,9.55
SN,AS,shareera,1026,24.79,9.87
SN,AS,shareera,1027,24.46,9.78
SN,AS,shareera,1028,25.87,9.6
SN,AS,shareera,1029,24.02,9.67
SN,AS,shareera,1030,24.53,10.17
SN,AS,shareera,1031,25.33,10.46
SN,AS,shareera,1032,23.16,10.4
SN,AS,shareera,1033,21.39,10.7
SN,AS,shareera,1034,21.73,10.76
SN,AS,shareera,1035,21.41,11.28
SN,AS,shareera,1036,22.13,11.8
SN,AS,shareera,1037,20.9,11.74
SN,AS,shareera,1038,20.54,12.0
SN,AS,shareera,1039,21.86,12.8
SN,AS,shareera,1040,22.75,12.9
SN,AS,shareera,1041,20.8,12.66
SN,AS,shareera,1042,21.71,13.1
SN,AS,shareera,1043,20.62,12.61
SN,AS,shareera,1044,20.94,12.98
SN,AS,shareera,1045,20.8,12.55
SN,AS,shareera,1046,19.95,11.65
SN,AS,shareera,1047,22.62,13.32
SN,AS,shareera,1048,20.13,12.01
SN,AS,shareera,1049,19.26,11.56
SN,AS,shareera,1050,18.41,11.71
SN,AS,shareera,1051,17.61,11.26
SN,AS,shareera,1052,17.65,11.27
SN,AS,shareera,1053,18.03,11.75
SN,AS,shareera,1054,17.97,11.06
SN,AS,shareera,1055,17.94,10.87
SN,AS,shareera,1056,17.87,10.91
SN,AS,shareera,1057,18.4,11.07
SN,AS,shareera,1058,20.65,11.3
SN,AS,shareera,1059,20.23,10.76
SN,AS,shareera,1060,20.84,9.9
SN,AS,shareera,1061,20.66,9.92
SN,AS,shareera,1062,19.77,10.12
SN,AS,shareera,1063,19.34,9.88
SN,AS,shareera,1064,20.5,10.7
SN,AS,shareera,1065,20.81,10.82
SN,AS,shareera,1066,20.26,10.69
SN,AS,shareera,1067,19.54,10.95
SN,AS,shareera,1068,19.39,10.94
SN,AS,shareera,1069,18.87,10.57
SN,AS,shareera,1070,20.15,11.49
SN,AS,shareera,1071,20.46,12.05
SN,AS,shareera,1072,19.09,10.74
SN,AS,shareera,1073,21.21,12.16
SN,AS,shareera,1074,22.1,12.79
SN,AS,shareera,1075,23.03,12.1
SN,AS,shareera,1076,23.75,12.44
SN,AS,shareera,1077,25.72,13.3
SN,AS,shareera,1078,24.91,13.82
SN,AS,shareera,1079,26.54,14.1
SN,AS,shareera,1080,26.94,13.98
SN,AS,shareera,1081,25.12,13.13
SN,AS,shareera,1082,23.76,12.47
SN,AS,shareera,1083,22.49,11.17
SN,AS,shareera,1084,22.74,10.93
SN,AS,shareera,1085,23.85,10.97
SN,AS,shareera,1086,24.39,10.12
SN,AS,shareera,1087,24.55,9.61
SN,AS,shareera,1088,23.5,9.19
SN,AS,shareera,1089,21.98,7.79
SN,AS,shareera,1090,22.36,7.87
SN,AS,shareera,1091,22.08,7.73
SN,AS,shareera,1092,22.88,8.16
SN,AS,shareera,1093,22.94,8.19
SN,AS,shareera,1094,22.88,8.07
SN,AS,shareera,1095,24.7,8.97
SN,AS,shareera,1096,23.99,9.06
SN,AS,shareera,1097,25.09,9.51
SN,AS,shareera,1098,27.06,10.87
SN,AS,shareera,1099,25.87,10.85
SN,AS,shareera,1100,25.06,10.29
SN,AS,shareera,1101,24.73,9.97
SN,AS,shareera,1102,28.93,11.23
SN,AS,shareera,1103,30.02,11.53
SN,AS,shareera,1104,25.12,9.58
SN,AS,shareera,1105,25.61,9.87
SN,AS,shareera,1106,23.62,8.84
SN,AS,shareera,1107,23.88,8.69
SN,AS,shareera,1108,21.1,7.97
SN,AS,shareera,1109,19.98,7.74
SN,AS,shareera,1110,21.05,8.04
SN,AS,shareera,1111,18.81,7.34
SN,AS,shareera,1112,18.36,7.08
SN,AS,shareera,1113,17.15,6.87
SN,AS,shareera,1114,17.33,6.95
SN,AS,shareera,1115,16.97,7.17
SN,AS,shareera,1116,16.93,7.15
SN,AS,shareera,1117,17.23,7.24
SN,AS,shareera,1118,17.89,7.73
SN,AS,shareera,1119,19.12,8.07
SN,AS,shareera,1120,19.86,8.81
SN,AS,shareera,1121,20.77,8.87
SN,AS,shareera,1122,22.27,9.34
SN,AS,shareera,1123,23.63,9.88
SN,AS,shareera,1124,22.82,9.33
SN,AS,shareera,1125,23.74,9.33
SN,AS,shareera,1126,25.24,9.58
SN,AS,shareera,1127,26.58,9.7
SN,AS,shareera,1128,28.25,10.05
SN,AS,shareera,1129,28.24,9.75
SN,AS,shareera,1130,29.97,10.1
SN,AS,shareera,1131,29.27,9.71
SN,AS,shareera,1132,29.2,9.69
SN,AS,shareera,1133,26.83,9.47
SN,AS,shareera,1134,26.73,9.24
SN,AS,shareera,1135,26.94,9.89
SN,AS,shareera,1136,27.48,10.22
SN,AS,shareera,1137,27.5,9.97
SN,AS,shareera,1138,27.64,10.15
SN,AS,shareera,1139,28.12,10.6
SN,AS,shareera,1140,26.27,9.86
SN,AS,shareera,1141,26.64,9.71
SN,AS,shareera,1142,25.87,9.86
SN,AS,shareera,1143,24.65,9.95
SN,AS,shareera,1144,22.92,9.94
SN,AS,shareera,1145,20.85,8.96
SN,AS,shareera,1146,21.15,9.69
SN,AS,shareera,1147,22.0,9.44
SN,AS,shareera,1148,21.51,9.09
SN,AS,shareera,1149,21.83,9.21
SN,AS,shareera,1150,22.64,9.57
SN,AS,shareera,1151,21.72,9.52
SN,AS,shareera,1152,21.6,9.66
SN,AS,shareera,1153,22.39,9.27
SN,AS,shareera,1154,22.53,9.53
SN,AS,shareera,1155,22.58,9.48
SN,AS,shareera,1156,20.38,9.32
SN,AS,shareera,1157,21.23,9.74
SN,AS,shareera,1158,21.5,9.74
SN,AS,shareera,1159,21.83,9.5
SN,AS,shareera,1160,20.37,8.31
SN,AS,shareera,1161,20.79,8.08
SN,AS,shareera,1162,20.91,8.43
SN,AS,shareera,1163,22.69,8.42
SN,AS,shareera,1164,22.59,8.33
SN,AS,shareera,1165,25.2,8.66
SN,AS,shareera,1166,25.05,8.73
SN,AS,shareera,1167,27.4,9.02
SN,AS,shareera,1168,28.26,9.0
SN,AS,shareera,1169,28.14,9.12
SN,AS,shareera,1170,28.15,9.44
SN,AS,shareera,1171,27.48,9.49
SN,AS,shareera,1172,27.72,9.46
SN,AS,shareera,1173,28.24,9.82
SN,AS,shareera,1174,25.37,9.72
SN,AS,shareera,1175,24.94,9.18
SN,AS,shareera,1176,22.87,8.53
SN,AS,shareera,1177,23.47,8.75
SN,AS,shareera,1178,22.72,9.12
SN,AS,shareera,1179,20.45,8.47
SN,AS,shareera,1180,19.84,8.07
SN,AS,shareera,1181,19.87,8.2
SN,AS,shareera,1182,18.47,7.72
SN,AS,shareera,1183,18.17,7.23
SN,AS,shareera,1184,17.62,8.48
SN,AS,shareera,1185,17.6,8.4
SN,AS,shareera,1186,16.36,7.74
SN,AS,shareera,1187,17.36,7.34
SN,AS,shareera,1188,18.43,7.76
SN,AS,shareera,1189,17.97,7.54
SN,AS,shareera,1190,16.82,7.27
SN,AS,shareera,1191,16.19,7.51
SN,AS,shareera,1192,14.85,7.49
SN,AS,shareera,1193,15.1,8.39
SN,AS,shareera,1194,16.26,8.91
SN,AS,shareera,1195,16.23,8.66
SN,AS,shareera,1196,16.15,9.39
SN,AS,shareera,1197,15.9,9.64
SN,AS,shareera,1198,17.17,9.66
SN,AS,shareera,1199,17.45,9.63
SN,AS,shareera,1200,19.79,10.7
SN,AS,shareera,1201,19.83,10.78
SN,AS,shareera,1202,20.39,11.04
SN,AS,shareera,1203,20.93,10.97
SN,AS,shareera,1204,20.23,10.65
SN,AS,shareera,1205,20.6,10.47
SN,AS,shareera,1206,20.3,9.91
SN,AS,shareera,1207,20.7,10.01
SN,AS,shareera,1208,20.83,10.69
SN,AS,shareera,1209,19.81,10.48
SN,AS,shareera,1210,20.61,11.63
SN,AS,shareera,1211,20.92,12.17
SN,AS,shareera,1212,21.06,12.19
SN,AS,shareera,1213,20.69,11.43
SN,AS,shareera,1214,21.2,11.86
SN,AS,shareera,1215,20.79,11.81
SN,AS,shareera,1216,20.38,11.71
SN,AS,shareera,1217,19.91,11.42
SN,AS,shareera,1218,19.16,10.93
SN,AS,shareera,1219,18.6,10.46
SN,AS,shareera,1220,18.31,10.79
SN,AS,shareera,1221,17.17,9.9
SN,AS,shareera,1222,18.11,10.28
SN,AS,shareera,1223,18.07,10.15
SN,AS,shareera,1224,17.42,10.18
SN,AS,shareera,1225,17.74,9.19
SN,AS,shareera,1226,16.1,8.81
SN,AS,shareera,1227,16.63,8.68
SN,AS,shareera,1228,16.92,8.16
SN,AS,shareera,1229,17.68,8.65
SN,AS,shareera,1230,17.25,8.59
SN,AS,shareera,1231,17.6,8.66
SN,AS,shareera,1232,18.29,8.44
SN,AS,shareera,1233,17.21,7.72
SN,AS,shareera,1234,16.63,7.3
SN,AS,shareera,1235,18.83,6.85
SN,AS,shareera,1236,19.81,7.03
SN,AS,shareera,1237,20.09,7.09
SN,AS,shareera,1238,19.18,7.05
SN,AS,shareera,1239,20.35,7.47
SN,AS,shareera,1240,21.71,7.62
SN,AS,shareera,1241,22.88,8.13
SN,AS,shareera,1242,24.15,8.36
SN,AS,shareera,1243,24.82,8.67
SN,AS,shareera,1244,26.08,9.13
SN,AS,shareera,1245,24.38,8.76
SN,AS,shareera,1246,24.92,9.03
SN,AS,shareera,1247,23.87,8.7
SN,AS,shareera,1248,21.73,8.09
SN,AS,shareera,1249,21.16,8.04
SN,AS,shareera,1250,20.19,7.92
SN,AS,shareera,1251,20.12,7.65
SN,AS,shareera,1252,19.83,7.66
SN,AS,shareera,1253,21.13,7.83
SN,AS,shareera,1254,21.17,7.69
SN,AS,shareera,1255,21.14,7.46
SN,AS,shareera,1256,21.62,7.48
SN,AS,shareera,1257,20.54,7.24
SN,AS,shareera,1258,19.32,7.25
SN,AS,shareera,1259,18.08,7.17
SN,AS,shareera,1260,19.03,7.89
SN,AS,shareera,1261,18.64,8.6
SN,AS,shareera,1262,19.36,9.08
SN,AS,shareera,1263,18.99,10.12
SN,AS,shareera,1264,18.71,10.57
SN,AS,shareera,1265,20.06,11.33
SN,AS,shareera,1266,20.6,12.03
SN,AS,shareera,1267,21.83,12.2
SN,AS,shareera,1268,22.62,12.15
SN,AS,shareera,1269,24.46,12.16
SN,AS,shareera,1270,24.73,12.01
SN,AS,shareera,1271,27.97,13.88
SN,AS,shareera,1272,31.44,14.0
SN,AS,shareera,1273,34.56,14.77
SN,AS,shareera,1274,36.99,15.27
SN,AS,shareera,1275,36.11,14.64
SN,AS,shareera,1276,34.5,14.27
SN,AS,shareera,1277,33.36,15.1
SN,AS,shareera,1278,33.34,15.06
SN,AS,shareera,1279,32.69,16.07
SN,AS,shareera,1280,31.66,16.04
SN,AS,shareera,1281,30.62,14.94
SN,AS,shareera,1282,31.36,14.89
SN,AS,shareera,1283,31.45,14.53
SN,AS,shareera,1284,32.62,14.67
SN,AS,shareera,1285,33.5,13.7
SN,AS,shareera,1286,32.03,13.36
SN,AS,shareera,1287,31.97,13.71
SN,AS,shareera,1288,30.32,13.55
SN,AS,shareera,1289,29.73,13.4
SN,AS,shareera,1290,27.39,12.96
SN,AS,shareera,1291,26.39,12.82
SN,AS,shareera,1292,25.52,12.48
SN,AS,shareera,1293,25.26,13.13
SN,AS,shareera,1294,26.89,14.18
SN,AS,shareera,1295,25.62,13.45
SN,AS,shareera,1296,22.54,12.02
SN,AS,shareera,1297,22.68,12.15
SN,AS,shareera,1298,21.55,11.47
SN,AS,shareera,1299,19.28,11.22
SN,AS,shareera,1300,20.06,11.61
SN,AS,shareera,1301,20.43,11.63
SN,AS,shareera,1302,18.3,10.34
SN,AS,shareera,1303,18.32,9.84
SN,AS,shareera,1304,18.28,9.35
SN,AS,shareera,1305,18.32,9.25
SN,AS,shareera,1306,18.92,9.72
SN,AS,shareera,1307,21.46,10.43
SN,AS,shareera,1308,21.86,10.46
SN,AS,shareera,1309,20.33,10.36
SN,AS,shareera,1310,20.55,11.55
SN,AS,shareera,1311,21.2,12.3
SN,AS,shareera,1312,21.09,12.21
SN,AS,shareera,1313,22.36,12.19
SN,AS,shareera,1314,21.34,11.35
SN,AS,shareera,1315,22.16,11.45
SN,AS,shareera,1316,21.68,11.36
SN,AS,shareera,1317,21.94,12.29
SN,AS,shareera,1318,21.83,11.41
SN,AS,shareera,1319,19.97,10.36
SN,AS,shareera,1320,20.27,10.49
SN,AS,shareera,1321,19.2,9.65
SN,AS,shareera,1322,19.82,9.75
SN,AS,shareera,1323,20.49,9.95
SN,AS,shareera,1324,21.22,9.42
SN,AS,shareera,1325,21.64,9.35
SN,AS,shareera,1326,21.8,9.53
SN,AS,shareera,1327,21.71,9.25
SN,AS,shareera,1328,21.9,9.47
SN,AS,shareera,1329,22.65,9.94
SN,AS,shareera,1330,24.07,10.18
SN,AS,shareera,1331,23.59,10.24
SN,AS,shareera,1332,25.48,10.29
SN,AS,shareera,1333,25.05,10.63
SN,AS,shareera,1334,23.71,11.78
SN,AS,shareera,1335,23.23,10.99
SN,AS,shareera,1336,20.93,10.03
SN,AS,shareera,1337,19.47,9.94
SN,AS,shareera,1338,20.75,10.1
SN,AS,shareera,1339,21.28,10.81
SN,AS,shareera,1340,20.7,10.93
SN,AS,shareera,1341,21.23,11.18
SN,AS,shareera,1342,20.1,11.04
SN,AS,shareera,1343,20.18,11.4
SN,AS,shareera,1344,20.27,11.4
SN,AS,shareera,1345,21.61,12.21
SN,AS,shareera,1346,23.96,13.17
SN,AS,shareera,1347,21.98,12.95
SN,AS,shareera,1348,21.56,13.15
SN,AS,shareera,1349,23.8,13.39
SN,AS,shareera,1350,21.05,13.27
SN,AS,shareera,1351,21.67,13.02
SN,AS,shareera,1352,21.93,13.45
SN,AS,shareera,1353,22.59,13.63
SN,AS,shareera,1354,24.29,14.4
SN,AS,shareera,1355,24.06,14.17
SN,AS,shareera,1356,24.33,13.99
SN,AS,shareera,1357,23.09,12.63
SN,AS,shareera,1358,20.64,11.67
SN,AS,shareera,1359,21.11,10.95
SN,AS,shareera,1360,19.5,10.18
SN,AS,shareera,1361,19.59,10.28
SN,AS,shareera,1362,21.41,10.45
SN,AS,shareera,1363,25.11,10.93
SN,AS,shareera,1364,23.71,10.71
SN,AS,shareera,1365,26.06,11.25
SN,AS,shareera,1366,26.2,11.2
SN,AS,shareera,1367,25.87,10.75
SN,AS,shareera,1368,24.32,10.4
SN,AS,shareera,1369,22.83,9.73
SN,AS,shareera,1370,23.18,9.35
SN,AS,shareera,1371,23.52,9.1
SN,AS,shareera,1372,22.25,9.09
SN,AS,shareera,1373,21.86,8.33
SN,AS,shareera,1374,23.73,8.94
SN,AS,shareera,1375,23.07,9.6
SN,AS,shareera,1376,22.13,9.38
SN,AS,shareera,1377,21.25,10.1
SN,AS,shareera,1378,20.85,9.8
SN,AS,shareera,1379,20.74,8.99
SN,AS,shareera,1380,20.04,8.74
SN,AS,shareera,1381,20.86,8.76
SN,AS,shareera,1382,21.06,8.94
SN,AS,shareera,1383,19.82,8.93
SN,AS,shareera,1384,18.34,8.54
SN,AS,shareera,1385,18.44,9.12
SN,AS,shareera,1386,19.29,8.81
SN,AS,shareera,1387,21.89,9.1
SN,AS,shareera,1388,21.33,9.21
SN,AS,shareera,1389,20.23,9.16
SN,AS,shareera,1390,22.67,8.93
SN,AS,shareera,1391,22.62,8.6
SN,AS,shareera,1392,22.16,9.04
SN,AS,shareera,1393,22.17,8.71
SN,AS,shareera,1394,23.02,8.58
SN,AS,shareera,1395,22.07,8.68
SN,AS,shareera,1396,21.75,8.48
SN,AS,shareera,1397,21.31,8.2
SN,AS,shareera,1398,21.33,8.26
SN,AS,shareera,1399,22.5,7.9
SN,AS,shareera,1400,20.41,7.34
SN,AS,shareera,1401,19.93,7.32
SN,AS,shareera,1402,17.93,6.42
SN,AS,shareera,1403,20.07,6.63
SN,AS,shareera,1404,21.45,7.16
SN,AS,shareera,1405,21.79,7.23
SN,AS,shareera,1406,22.61,7.68
SN,AS,shareera,1407,22.62,7.79
SN,AS,shareera,1408,25.94,8.74
SN,AS,shareera,1409,23.46,8.35
SN,AS,shareera,1410,23.2,7.65
SN,AS,shareera,1411,21.58,7.43
SN,AS,shareera,1412,20.13,6.93
SN,AS,shareera,1413,18.84,6.74
SN,AS,shareera,1414,20.14,6.87
SN,AS,shareera,1415,22.08,7.37
SN,AS,shareera,1416,23.86,7.79
SN,AS,shareera,1417,23.67,7.62
SN,AS,shareera,1418,22.13,7.08
SN,AS,shareera,1419,21.12,7.03
SN,AS,shareera,1420,19.28,6.97
SN,AS,shareera,1421,20.15,7.05
SN,AS,shareera,1422,19.98,6.96
SN,AS,shareera,1423,20.07,6.87
SN,AS,shareera,1424,18.17,6.61
SN,AS,shareera,1425,17.81,6.73
SN,AS,shareera,1426,16.97,7.01
SN,AS,shareera,1427,16.81,6.99
SN,AS,shareera,1428,17.15,7.04
SN,AS,shareera,1429,17.23,6.96
SN,AS,shareera,1430,17.64,7.46
SN,AS,shareera,1431,17.4,7.38
SN,AS,shareera,1432,16.98,7.22
SN,AS,shareera,1433,15.93,7.15
SN,AS,shareera,1434,15.98,7.02
SN,AS,shareera,1435,15.8,7.08
SN,AS,shareera,1436,16.48,7.47
SN,AS,shareera,1437,15.81,7.67
SN,AS,shareera,1438,16.43,7.83
SN,AS,shareera,1439,16.67,8.33
SN,AS,shareera,1440,16.76,9.12
SN,AS,shareera,1441,15.91,9.23
SN,AS,shareera,1442,17.15,9.83
SN,AS,shareera,1443,16.99,9.95
SN,AS,shareera,1444,17.46,10.89
SN,AS,shareera,1445,16.46,9.96
SN,AS,shareera,1446,17.17,10.21
SN,AS,shareera,1447,17.33,10.58
SN,AS,shareera,1448,17.99,10.76
SN,AS,shareera,1449,17.88,11.04
SN,AS,shareera,1450,18.59,11.07
SN,AS,shareera,1451,17.2,10.08
SN,AS,shareera,1452,17.78,9.25
SN,AS,shareera,1453,18.37,9.06
SN,AS,shareera,1454,17.95,8.45
SN,AS,shareera,1455,20.22,8.03
SN,AS,shareera,1456,19.95,8.11
SN,AS,shareera,1457,19.56,8.54
SN,AS,shareera,1458,19.5,8.24
SN,AS,shareera,1459,20.37,8.98
SN,AS,shareera,1460,20.11,9.46
SN,AS,shareera,1461,18.95,9.82
SN,AS,shareera,1462,19.21,9.63
SN,AS,shareera,1463,19.42,9.67
SN,AS,shareera,1464,19.65,10.2
SN,AS,shareera,1465,19.8,10.19
SN,AS,shareera,1466,19.27,11.38
SN,AS,shareera,1467,18.58,10.37
SN,AS,shareera,1468,17.54,9.74
SN,AS,shareera,1469,16.88,8.37
SN,AS,shareera,1470,17.76,8.08
SN,AS,shareera,1471,16.08,7.47
SN,AS,shareera,1472,15.95,7.05
SN,AS,shareera,1473,15.37,6.81
SN,AS,shareera,1474,15.74,6.6
SN,AS,shareera,1475,17.21,6.89
SN,AS,shareera,1476,17.66,7.28
SN,AS,shareera,1477,18.66,7.59
SN,AS,shareera,1478,19.39,7.74
SN,AS,shareera,1479,18.95,7.65
SN,AS,shareera,1480,20.33,7.85
SN,AS,shareera,1481,21.3,8.15
SN,AS,shareera,1482,22.68,8.63
SN,AS,shareera,1483,22.8,8.84
SN,AS,shareera,1484,24.58,9.69
SN,AS,shareera,1485,25.36,10.21
SN,AS,shareera,1486,27.03,11.63
SN,AS,shareera,1487,26.34,11.41
SN,AS,shareera,1488,28.63,12.6
SN,AS,shareera,1489,32.03,13.67
SN,AS,shareera,1490,33.74,14.34
SN,AS,shareera,1491,37.5,15.74
SN,AS,shareera,1492,37.09,15.81
SN,AS,shareera,1493,34.86,15.31
SN,AS,shareera,1494,33.22,14.8
SN,AS,shareera,1495,30.91,13.79
SN,AS,shareera,1496,30.53,13.64
SN,AS,shareera,1497,31.29,14.14
SN,AS,shareera,1498,31.46,14.06
SN,AS,shareera,1499,31.42,14.11
SN,AS,shareera,1500,30.54,13.61
SN,AS,shareera,1501,30.01,13.47
SN,AS,shareera,1502,29.46,13.3
SN,AS,shareera,1503,30.45,13.81
SN,AS,shareera,1504,31.84,14.19
SN,AS,shareera,1505,31.58,14.19
SN,AS,shareera,1506,32.41,14.34
SN,AS,shareera,1507,34.15,14.73
SN,AS,shareera,1508,32.45,14.24
SN,AS,shareera,1509,32.01,14.22
SN,AS,shareera,1510,32.14,14.26
SN,AS,shareera,1511,30.94,13.79
SN,AS,shareera,1512,30.64,13.51
SN,AS,shareera,1513,30.24,13.35
SN,AS,shareera,1514,31.82,13.95
SN,AS,shareera,1515,30.7,13.34
SN,AS,shareera,1516,29.99,12.91
SN,AS,shareera,1517,29.83,12.93
SN,AS,shareera,1518,32.64,13.79
SN,AS,shareera,1519,34.47,14.19
SN,AS,shareera,1520,34.22,14.54
SN,AS,shareera,1521,33.74,14.57
SN,AS,shareera,1522,33.83,14.41
SN,AS,shareera,1523,33.27,14.43
SN,AS,shareera,1524,32.31,13.44
SN,AS,shareera,1525,34.95,14.23
SN,AS,shareera,1526,35.33,14.74
SN,AS,shareera,1527,34.88,14.33
SN,AS,shareera,1528,32.3,13.81
SN,AS,shareera,1529,31.86,13.55
SN,AS,shareera,1530,31.92,13.57
SN,AS,shareera,1531,31.03,13.19
SN,AS,shareera,1532,30.32,12.75
SN,AS,shareera,1533,31.73,13.46
SN,AS,shareera,1534,32.6,13.74
SN,AS,shareera,1535,31.89,13.57
SN,AS,shareera,1536,32.24,13.62
SN,AS,shareera,1537,34.04,14.18
SN,AS,shareera,1538,33.15,13.08
SN,AS,shareera,1539,33.17,13.03
SN,AS,shareera,1540,33.05,13.34
SN,AS,shareera,1541,33.23,13.55
SN,AS,shareera,1542,32.74,13.13
SN,AS,shareera,1543,33.31,13.46
SN,AS,shareera,1544,34.96,13.62
SN,AS,shareera,1545,33.47,13.85
SN,AS,shareera,1546,34.05,14.3
SN,AS,shareera,1547,35.06,14.51
SN,AS,shareera,1548,33.92,14.11
SN,AS,shareera,1549,34.81,14.78
SN,AS,shareera,1550,33.63,14.34
SN,AS,shareera,1551,33.99,14.39
SN,AS,shareera,1552,34.77,14.68
SN,AS,shareera,1553,34.74,14.43
SN,AS,shareera,1554,34.48,14.4
SN,AS,shareera,1555,34.82,14.44
SN,AS,shareera,1556,35.48,14.78
SN,AS,shareera,1557,37.65,15.69
SN,AS,shareera,1558,36.91,15.27
SN,AS,shareera,1559,36.23,15.27
SN,AS,shareera,1560,36.56,15.35
SN,AS,shareera,1561,37.02,15.51
SN,AS,shareera,1562,37.05,15.71
SN,AS,shareera,1563,39.7,16.71
SN,AS,shareera,1564,39.27,16.3
SN,AS,shareera,1565,36.26,15.32
SN,AS,shareera,1566,34.15,14.43
SN,AS,shareera,1567,31.63,13.58
SN,AS,shareera,1568,27.57,11.88
SN,AS,shareera,1569,26.16,10.77
SN,AS,shareera,1570,25.87,10.07
SN,AS,shareera,1571,24.28,9.23
SN,AS,shareera,1572,22.67,8.67
SN,AS,shareera,1573,25.26,9.16
SN,AS,shareera,1574,23.54,8.57
SN,AS,shareera,1575,21.25,8.09
SN,AS,shareera,1576,19.53,7.6
SN,AS,shareera,1577,20.1,7.49
SN,AS,shareera,1578,18.73,7.03
SN,AS,shareera,1579,18.44,6.98
SN,AS,shareera,1580,19.0,7.23
SN,AS,shareera,1581,17.95,7.89
SN,AS,shareera,1582,18.53,8.22
SN,AS,shareera,1583,19.26,8.31
SN,AS,shareera,1584,18.42,8.16
SN,AS,shareera,1585,17.93,7.96
SN,AS,shareera,1586,17.76,7.77
SN,AS,shareera,1587,17.64,7.69
SN,AS,shareera,1588,17.75,7.65
SN,AS,shareera,1589,18.14,7.56
SN,AS,shareera,1590,18.4,7.5
SN,AS,shareera,1591,19.32,7.42
SN,AS,shareera,1592,19.16,7.44
SN,AS,shareera,1593,20.21,7.72
SN,AS,shareera,1594,22.94,8.62
SN,AS,shareera,1595,24.86,9.31
SN,AS,shareera,1596,24.24,9.77
SN,AS,shareera,1597,25.36,10.57
SN,AS,shareera,1598,25.6,10.42
SN,AS,shareera,1599,26.05,10.61
SN,AS,shareera,1600,27.33,11.3
SN,AS,shareera,1601,29.7,11.85
SN,AS,shareera,1602,32.11,12.87
SN,AS,shareera,1603,36.44,14.35
SN,AS,shareera,1604,38.9,14.92
SN,AS,shareera,1605,41.29,15.98
SN,AS,shareera,1606,47.19,18.17
SN,AS,shareera,1607,47.78,18.21
SN,AS,shareera,1608,47.46,18.01
SN,AS,shareera,1609,49.35,18.06
SN,AS,shareera,1610,48.49,17.53
SN,AS,shareera,1611,47.09,17.13
SN,AS,shareera,1612,45.64,16.79
SN,AS,shareera,1613,44.85,16.78
SN,AS,shareera,1614,46.4,17.54
SN,AS,shareera,1615,44.39,17.06
SN,AS,shareera,1616,43.77,16.82
SN,AS,shareera,1617,43.28,16.71
SN,AS,shareera,1618,43.35,16.45
SN,AS,shareera,1619,43.52,16.31
SN,AS,shareera,1620,41.28,15.57
SN,AS,shareera,1621,42.77,15.98
SN,AS,shareera,1622,42.72,15.39
SN,AS,shareera,1623,43.19,15.89
SN,AS,shareera,1624,42.28,15.41
SN,AS,shareera,1625,38.96,14.9
SN,AS,shareera,1626,37.94,14.53
SN,AS,shareera,1627,37.16,14.51
SN,AS,shareera,1628,37.12,14.67
SN,AS,shareera,1629,36.28,14.65
SN,AS,shareera,1630,37.52,14.88
SN,AS,shareera,1631,37.54,14.8
SN,AS,shareera,1632,36.47,14.72
SN,AS,shareera,1633,36.79,15.0
SN,AS,shareera,1634,35.78,14.88
SN,AS,shareera,1635,36.48,14.9
SN,AS,shareera,1636,37.63,15.37
SN,AS,shareera,1637,37.72,15.11
SN,AS,shareera,1638,37.08,15.26
SN,AS,shareera,1639,36.68,15.27
SN,AS,shareera,1640,37.4,15.78
SN,AS,shareera,1641,38.69,16.4
SN,AS,shareera,1642,38.97,16.12
SN,AS,shareera,1643,39.77,16.49
SN,AS,shareera,1644,40.12,16.68
SN,AS,shareera,1645,41.81,17.06
SN,AS,shareera,1646,41.81,17.06
SN,AS,shareera,1647,43.0,17.12
SN,AS,shareera,1648,42.29,16.96
SN,AS,shareera,1649,45.28,17.72
SN,AS,shareera,1650,46.51,18.21
SN,AS,shareera,1651,47.77,18.75
SN,AS,shareera,1652,47.54,18.57
SN,AS,shareera,1653,43.96,17.78
SN,AS,shareera,1654,41.85,17.3
SN,AS,shareera,1655,40.07,16.9
SN,AS,shareera,1656,39.93,16.65
SN,AS,shareera,1657,39.26,16.75
SN,AS,shareera,1658,38.82,16.54
SN,AS,shareera,1659,40.45,17.17
SN,AS,shareera,1660,40.95,17.2
SN,AS,shareera,1661,41.33,17.18
SN,AS,shareera,1662,40.99,17.06
SN,AS,shareera,1663,41.04,17.14
SN,AS,shareera,1664,39.01,16.66
SN,AS,shareera,1665,39.08,16.55
SN,AS,shareera,1666,38.77,16.42
SN,AS,shareera,1667,39.87,16.72
SN,AS,shareera,1668,40.27,16.96
SN,AS,shareera,1669,38.61,16.62
SN,AS,shareera,1670,37.68,16.44
SN,AS,shareera,1671,36.34,15.9
SN,AS,shareera,1672,38.5,16.71
SN,AS,shareera,1673,38.64,16.41
SN,AS,shareera,1674,39.34,16.57
SN,AS,shareera,1675,38.85,16.33
SN,AS,shareera,1676,38.85,16.33
SN,AS,shareera,1677,40.47,16.79
SN,AS,shareera,1678,41.86,17.4
SN,AS,shareera,1679,42.34,17.75
SN,AS,shareera,1680,41.87,17.68
SN,AS,shareera,1681,41.79,17.78
SN,AS,shareera,1682,40.37,17.35
SN,AS,shareera,1683,38.07,16.6
SN,AS,shareera,1684,37.51,16.14
SN,AS,shareera,1685,39.2,16.68
SN,AS,shareera,1686,40.88,17.07
SN,AS,shareera,1687,41.46,17.28
SN,AS,shareera,1688,40.77,16.98
SN,AS,shareera,1689,41.07,16.91
SN,AS,shareera,1690,41.75,16.95
SN,AS,shareera,1691,39.87,16.44
SN,AS,shareera,1692,40.66,16.63
SN,AS,shareera,1693,39.75,16.15
SN,AS,shareera,1694,39.47,16.02
SN,AS,shareera,1695,37.54,15.56
SN,AS,shareera,1696,38.16,15.85
SN,AS,shareera,1697,37.42,15.33
SN,AS,shareera,1698,38.82,15.62
SN,AS,shareera,1699,38.45,15.46
SN,AS,shareera,1700,38.15,15.13
SN,AS,shareera,1701,34.95,13.5
SN,AS,shareera,1702,35.53,13.57
SN,AS,shareera,1703,29.59,11.45
SN,AS,shareera,1704,21.31,8.11
SN,AS,shareera,1705,20.64,7.85
SN,AS,shareera,1706,20.24,7.65
SN,AS,shareera,1707,19.78,7.54
SN,AS,shareera,1708,21.92,7.7
SN,AS,shareera,1709,23.81,8.45
SN,AS,shareera,1710,24.29,8.58
SN,AS,shareera,1711,22.8,8.92
SN,AS,shareera,1712,22.56,9.58
SN,AS,shareera,1713,42.49,15.04
SN,AS,shareera,1714,43.23,15.44
SN,AS,shareera,1715,40.88,15.98
SN,AS,shareera,1716,41.17,16.94
SN,AS,shareera,1717,40.95,17.81
SN,AS,shareera,1718,41.66,18.66
SN,AS,shareera,1719,42.95,18.13
SN,AS,shareera,1720,43.05,17.88
SN,AS,shareera,1721,43.39,17.81
SN,AS,shareera,1722,44.06,18.35
SN,AS,shareera,1723,46.95,18.99
SN,AS,shareera,1724,46.62,19.07
SN,AS,shareera,1725,45.48,19.07
SN,AS,shareera,1726,46.54,19.29
SN,AS,shareera,1727,47.58,19.55
SN,AS,shareera,1728,47.11,19.25
SN,AS,shareera,1729,47.09,17.67
SN,AS,shareera,1730,45.14,17.28
SN,AS,shareera,1731,44.15,17.04
SN,AS,shareera,1732,43.48,17.65
SN,AS,shareera,1733,42.21,17.69
SN,AS,shareera,1734,40.24,16.17
SN,AS,shareera,1735,41.24,16.85
SN,AS,shareera,1736,40.85,17.11
SN,AS,shareera,1737,40.35,16.78
SN,AS,shareera,1738,20.93,10.6
SN,AS,shareera,1739,21.13,10.36
SN,AS,shareera,1740,20.12,10.18
SN,AS,shareera,1741,21.31,9.57
SN,AS,shareera,1742,20.59,9.59
SN,AS,shareera,1743,20.07,8.98
SN,AS,shareera,1744,19.57,8.91
SN,AS,shareera,1745,19.6,9.2
SN,AS,shareera,1746,19.07,9.34
SN,AS,shareera,1747,19.17,9.43
SN,AS,shareera,1748,19.66,9.66
SN,AS,shareera,1749,19.74,10.53
SN,AS,shareera,1750,19.78,11.08
SN,AS,shareera,1751,19.13,10.53
SN,AS,shareera,1752,19.89,11.09
SN,AS,shareera,1753,20.64,10.33
SN,AS,shareera,1754,23.42,14.65
SN,AS,shareera,1755,28.75,17.52
SN,AS,shareera,1756,29.0,17.39
SN,AS,shareera,1757,26.33,16.22
SN,AS,shareera,1758,25.94,15.32
SN,AS,shareera,1759,25.25,15.08
SN,AS,shareera,1760,25.86,13.89
SN,AS,shareera,1761,25.16,12.82
SN,AS,shareera,1762,24.69,11.95
SN,AS,shareera,1763,24.76,11.55
SN,AS,shareera,1764,24.11,11.06
SN,AS,shareera,1765,23.59,10.62
SN,AS,shareera,1766,23.37,10.45
SN,AS,shareera,1767,22.84,10.07
SN,AS,shareera,1768,22.31,10.0
SN,AS,shareera,1769,23.07,10.03
SN,AS,shareera,1770,22.6,9.72
SN,AS,shareera,1771,22.54,9.69
SN,AS,shareera,1772,23.11,9.38
SN,AS,shareera,1773,23.17,9.05
SN,AS,shareera,1774,23.12,8.84
SN,AS,shareera,1775,24.33,8.85
SN,AS,shareera,1776,25.11,9.1
SN,AS,shareera,1777,23.27,8.57
SN,AS,shareera,1778,22.85,8.41
SN,AS,shareera,1779,26.26,8.88
SN,AS,shareera,1780,36.93,13.37
SN,AS,shareera,1781,35.19,13.15
SN,AS,shareera,1782,33.41,12.39
SN,AS,shareera,1783,30.69,12.36
SN,AS,shareera,1784,30.58,12.15
SN,AS,shareera,1785,31.1,11.97
SN,AS,shareera,1786,29.84,11.81
SN,AS,shareera,1787,28.95,11.46
